use_feedforward,mode,seed,summary.initial_formation_error_m,summary.final_formation_error_m,summary.min_recorded_distance_m,summary.any_collision,summary.convergence_time_s,summary.mean_formation_error_m,summary.transient_morph_error_m,summary.steady_state_error_m,summary.total_mode_switches
False,hybrid,42,1.5941519689262038,1.139267471679467,1.6319681706470746,0.0,11.950000000000035,1.3110446744395838,1.8494759985180278,1.1404296265636278,0.0
False,hybrid,63,1.901107934589565,1.139267720893089,1.2194351799382068,0.0,11.950000000000035,1.393300092686155,1.8493582148826289,1.1404335305137696,0.0
False,hybrid,84,1.568122156182383,1.1392675940882224,1.2827196158555236,0.0,11.950000000000035,1.3294597705388909,1.8493231990592067,1.1404315042194508,0.0
False,hybrid,105,1.5159863284058452,1.1392671380408281,1.3793534100670946,0.0,11.950000000000035,1.3090923240570225,1.8493945481720315,1.1404248312069656,0.0
False,hybrid,126,1.6550978234338936,1.1392677776454276,1.5013174822800772,0.0,11.950000000000035,1.347162814626582,1.8492348128498015,1.1404341851148108,0.0
False,hybrid,147,1.3298737771543963,1.1392672524209593,1.8173447191736551,0.0,11.950000000000035,1.2674217957508285,1.8493334873860703,1.1404264653958918,0.0
False,hybrid,168,2.074024443808438,1.139267924243669,1.4541381445439407,0.0,11.950000000000035,1.4216212058555675,1.8498632766405092,1.1404365719952247,0.0
False,hybrid,189,1.5141230375780896,1.1392685492437218,1.9926285419432892,0.0,11.950000000000035,1.348301308007467,1.8498021151727106,1.1404454561528283,0.0
False,hybrid,210,2.021551460081213,1.1392673689287953,1.566807433560284,0.0,11.950000000000035,1.351300441707345,1.849926581593131,1.140428162290394,0.0
False,hybrid,231,1.7563938206709702,1.1392678276293786,1.7884314572570392,0.0,11.950000000000035,1.3231998201362742,1.849531658416143,1.1404347670701553,0.0
False,hybrid,252,1.5285582341955672,1.1392675731488568,1.4905809183835494,0.0,11.950000000000035,1.3201364543215952,1.849827748581855,1.1404312077859882,0.0
False,hybrid,273,2.3885147602867005,1.139266559998087,1.2574346884661813,0.0,11.950000000000035,1.3631141107181557,1.8495834732180843,1.1404161179834496,0.0
False,hybrid,294,1.9326170963228984,1.139266891797115,1.2355967285921985,0.0,11.950000000000035,1.2969102585236163,1.84894575776365,1.1404210001334945,0.0
False,hybrid,315,1.8541585040109316,1.13926730702368,1.40943456149867,0.0,11.950000000000035,1.3295091471341451,1.8495343087286242,1.140427288706605,0.0
False,hybrid,336,2.370457976332589,1.1392672879090722,1.6082620560879382,0.0,11.950000000000035,1.3920911546311194,1.8496864964568724,1.1404270435711987,0.0
False,hybrid,357,2.2715601090992146,1.139268388555986,1.5329986574812313,0.0,11.950000000000035,1.4517477567976182,1.8489782857675217,1.1404432251104133,0.0
False,hybrid,378,1.1871784090295097,1.1392677662281412,1.9939482319416217,0.0,11.950000000000035,1.2856800587251094,1.849455937144697,1.1404339891196245,0.0
False,hybrid,399,1.5688654338719494,1.1392671166189254,1.5040887954192028,0.0,11.950000000000035,1.3055417710641322,1.8497466917085603,1.1404245770675758,0.0
False,hybrid,420,2.0196930975806247,1.1392672137688886,1.1632606757510071,0.0,11.950000000000035,1.3274088100640167,1.849166423725135,1.1404256113087565,0.0
False,hybrid,441,1.6509846009348808,1.1392673643500533,1.5112289987109273,0.0,11.950000000000035,1.3212989347593862,1.848987869958679,1.1404280507424296,0.0
True,hybrid,42,1.5941983119197154,0.001190462309397942,1.6319681706470746,0.0,7.549999999999981,0.4987979171300048,1.3291144580322254,0.017502341304409773,0.0
True,hybrid,63,1.9006214861025388,0.0011899395611859474,1.2194351799382068,0.0,7.549999999999981,0.5875376831296306,1.3282095379266918,0.017494555482970985,0.0
True,hybrid,84,1.567917339945398,0.0011903020751558074,1.2827196158555239,0.0,7.549999999999981,0.5175405974770659,1.3285224286501125,0.017499758702500274,0.0
True,hybrid,105,1.516069478675812,0.0011902004835963233,1.3793534100670946,0.0,7.549999999999981,0.5059520875662186,1.3293046079095916,0.017498848973494636,0.0
True,hybrid,126,1.6548037397292426,0.0011903140299690297,1.455212725853447,0.0,7.549999999999981,0.5355055357974837,1.3283918833478006,0.017499830868956606,0.0
True,hybrid,147,1.330175888939257,0.0011906556823450987,1.8173447191736551,0.0,7.549999999999981,0.45674076913196127,1.3292808610601339,0.01750512969225587,0.0
True,hybrid,168,2.073439490542886,0.001189775002846163,1.3264756288219208,0.0,7.549999999999981,0.620884691029994,1.3286093739558942,0.01749252785734204,0.0
True,hybrid,189,1.5136900609855413,0.0011907897306473103,1.9927507778973892,0.0,7.549999999999981,0.5361266478440367,1.3288176694988278,0.01750668043975015,0.0
True,hybrid,210,2.021725546669403,0.0011906727184661059,1.511423077029717,0.0,7.549999999999981,0.561537578533446,1.3298161116513456,0.01750571231514621,0.0
True,hybrid,231,1.756460787400145,0.0011907618270626916,1.7862236468587347,0.0,7.549999999999981,0.5177372646094678,1.3291100073745268,0.017506483678142445,0.0
True,hybrid,252,1.5284523324660706,0.0011905485487457143,1.4905809183835494,0.0,7.549999999999981,0.5014275302473884,1.3294522186079742,0.01750376130062051,0.0
True,hybrid,273,2.3890551809388985,0.0011905296801667984,1.3077448377111378,0.0,7.549999999999981,0.6053650845975829,1.3300415224849556,0.017503872380646723,0.0
True,hybrid,294,1.9331526006709272,0.0011906713520665156,1.2682055487009363,0.0,7.549999999999981,0.5128965548400277,1.3292060250428654,0.017505293851122504,0.0
True,hybrid,315,1.854387187236265,0.0011907074551838232,1.4094345614986699,0.0,7.549999999999981,0.541247610093667,1.3294389878419515,0.017505948728103005,0.0
True,hybrid,336,2.37057001196221,0.0011906562468620738,1.6653396761475692,0.0,7.549999999999981,0.6079618228361277,1.3294530984919752,0.017505253753287174,0.0
True,hybrid,357,2.27110568717145,0.0011901159056139398,1.5778748894140535,0.0,7.549999999999981,0.6623321806496186,1.327218386880581,0.017496354144580867,0.0
True,hybrid,378,1.1870344560126154,0.0011906793484621947,1.9940626901062375,0.0,7.549999999999981,0.451420901541081,1.3288878853418344,0.01750519863875549,0.0
True,hybrid,399,1.5690243383727573,0.0011904396708910896,1.5040887954192028,0.0,7.549999999999981,0.5038827159634396,1.3297473749901823,0.017502447285298813,0.0
True,hybrid,420,2.0200542049299797,0.0011904311882187278,1.2404684010628984,0.0,7.549999999999981,0.541949088520086,1.329217284525308,0.017501964473198576,0.0
True,hybrid,441,1.6509757232756783,0.0011901929389454295,1.5096632621176254,0.0,7.549999999999981,0.5125128508974951,1.3285682782392874,0.01749826768400397,0.0
False,centralized,42,1.5934100870369476,1.096567941979819,1.6323336840115292,0.0,11.950000000000035,1.2692204129087281,1.8092572400457954,1.0979272322043039,0.0
False,centralized,63,1.9008774698874678,1.0965684945228864,1.219488962322593,0.0,11.950000000000035,1.3512900107280406,1.8090989416559722,1.097934240504697,0.0
False,centralized,84,1.568458992446309,1.0965682043844196,1.2826277982633716,0.0,11.950000000000035,1.2918106490462642,1.809099367076125,1.097930534041673,0.0
False,centralized,105,1.5160917573927428,1.096567474435031,1.3781765568741138,0.0,11.950000000000035,1.2714816100457393,1.8091475383702502,1.0979213477351693,0.0
False,centralized,126,1.6548584686532182,1.0965685102071097,1.499925860324749,0.0,11.950000000000035,1.3091979488934722,1.8090173001071437,1.0979343680742508,0.0
False,centralized,147,1.329703334382069,1.0965676067998962,1.8176383701497498,0.0,11.950000000000035,1.2300269473293213,1.8091180519888832,1.0979230829070876,0.0
False,centralized,168,2.073617584033564,1.0965689071642546,1.4263797205238686,0.0,11.950000000000035,1.3789875361081805,1.8096599594795633,1.0979395554037878,0.0
False,centralized,189,1.513606497981931,1.096569520934697,1.9590632805693893,0.0,11.950000000000035,1.3049189955933747,1.809592662299351,1.0979472720030337,0.0
False,centralized,210,2.0208712850182384,1.096567732102794,1.5743820913306394,0.0,11.950000000000035,1.3100505294752653,1.8097150699982825,1.0979246984692315,0.0
False,centralized,231,1.7562894508326463,1.0965683662556436,1.7861676429334665,0.0,11.950000000000035,1.283925232611594,1.80930874564035,1.0979325893980294,0.0
False,centralized,252,1.5282365610659063,1.0965681351897327,1.490134341201476,0.0,11.950000000000035,1.279044699729635,1.8096352684022405,1.097929780692045,0.0
False,centralized,273,2.387881288035872,1.09656638595157,1.2741846939022936,0.0,11.950000000000035,1.3220513047155005,1.809270846305501,1.0979074564924414,0.0
False,centralized,294,1.9321787765526943,1.0965669581593849,1.2266367507772038,0.0,11.950000000000035,1.2585618716656832,1.80868992804249,1.097914738306267,0.0
False,centralized,315,1.8533140928560718,1.0965676545466048,1.4064920736106477,0.0,11.950000000000035,1.2870956948092427,1.809320079647162,1.09792374124725,0.0
False,centralized,336,2.3700436308521438,1.0965676491660876,1.6558202841762741,0.0,11.950000000000035,1.3509763976680498,1.8094762175242232,1.097923700354992,0.0
False,centralized,357,2.2713125063647666,1.0965693776471706,1.4670410202166821,0.0,11.950000000000035,1.4090662726011778,1.8087019618923348,1.0979452822060527,0.0
False,centralized,378,1.186552874720038,1.09656838801157,1.9605045369480356,0.0,11.950000000000035,1.245100695685583,1.8092323186513637,1.09793291596536,0.0
False,centralized,399,1.5686124868553069,1.0965674235285274,1.5058690530660641,0.0,11.950000000000035,1.2672354841353586,1.809557490195994,1.0979208827802216,0.0
False,centralized,420,2.019442716905181,1.0965674206556733,1.168381532483675,0.0,11.950000000000035,1.2886284290012944,1.8089224172591167,1.0979204365714332,0.0
False,centralized,441,1.6512946748642845,1.0965678385017514,1.5075153033928048,0.0,11.950000000000035,1.2830258257674054,1.808700897989349,1.0979257863829068,0.0
True,centralized,42,1.5934100870369476,0.042659128400284595,1.6323336840115292,0.0,7.4499999999999815,0.4977292220444909,1.3027714342154235,0.04911074628397556,0.0
True,centralized,63,1.9008774698874678,0.04265844860309137,1.219488962322593,0.0,7.4499999999999815,0.5887721731715579,1.3016512846416484,0.049097530924839934,0.0
True,centralized,84,1.568458992446309,0.04265877152632275,1.2732004413168234,0.0,7.4499999999999815,0.5265557377396406,1.3020764697396856,0.04910518059227938,0.0
True,centralized,105,1.5160917573927428,0.0426598733220684,1.3781765568741136,0.0,7.4499999999999815,0.5100232413825148,1.3029578711944214,0.049114601747219266,0.0
True,centralized,126,1.6548584686532182,0.04265845134249854,1.3744823188015578,0.0,7.4499999999999815,0.5431787515552723,1.301906878281323,0.04910134001905112,0.0
True,centralized,147,1.329703334382069,0.04265969586660306,1.8176383701497498,0.0,7.4499999999999815,0.4607047281251644,1.3029797166412869,0.04911775016651254,0.0
True,centralized,168,2.073617584033564,0.04265771717089379,1.2530080145738782,0.0,7.4499999999999815,0.621571010384977,1.302000765572995,0.04908904366638915,0.0
True,centralized,189,1.513606497981931,0.04265701701153201,1.9592153398044423,0.0,7.4499999999999815,0.5341721483281044,1.3023852416286332,0.049092016678808144,0.0
True,centralized,210,2.0208712850182384,0.042659324151550014,1.489755137737591,0.0,7.4499999999999815,0.5597917576682522,1.3034989116947164,0.049115337204686506,0.0
True,centralized,231,1.7562894508326463,0.04265863124447801,1.7518035212527918,0.0,7.4499999999999815,0.5213938153544072,1.3027313364205488,0.0491081861690211,0.0
True,centralized,252,1.5282365610659063,0.0426589777958406,1.4900662793322852,0.0,7.4499999999999815,0.5013195552189301,1.303117705912888,0.04911054686095577,0.0
True,centralized,273,2.387881288035872,0.04266070310547955,1.3081623327786756,0.0,7.4499999999999815,0.6020747098575309,1.303734515923043,0.04912706558830581,0.0
True,centralized,294,1.9321787765526943,0.042660216386702775,1.2691614301083858,0.0,7.4499999999999815,0.514102286284056,1.3029256214227385,0.04912288966873264,0.0
True,centralized,315,1.8533140928560718,0.042659420057376135,1.406525935197571,0.0,7.4499999999999815,0.5386835199169026,1.3031459529798946,0.04911610625406564,0.0
True,centralized,336,2.3700436308521438,0.04265934817183792,1.6662953071301483,0.0,7.4499999999999815,0.6079077986656218,1.3030823941427383,0.04911478293442978,0.0
True,centralized,357,2.2713125063647666,0.04265700313506621,1.509637975530646,0.0,7.4499999999999815,0.6629191901377052,1.300606116882205,0.04908397736895677,0.0
True,centralized,378,1.186552874720038,0.0426587326206595,1.9606379743306708,0.0,7.4499999999999815,0.4527344722122797,1.3024992029940377,0.04910809938199851,0.0
True,centralized,399,1.5686124868553069,0.042659940886371726,1.5058690530660641,0.0,7.4499999999999815,0.5073357032301958,1.3034795242295525,0.04911889061296459,0.0
True,centralized,420,2.019442716905181,0.04265965170394999,1.247322459088141,0.0,7.4499999999999815,0.5430433780795901,1.302871644642654,0.049114806288079654,0.0
True,centralized,441,1.6512946748642845,0.04265934049621754,1.5014636377376522,0.0,7.4499999999999815,0.5178405616783407,1.3020617034798228,0.04910802102046422,0.0
