mode,loss_rate,seed,naive_switching,initial_formation_error_m,final_formation_error_m,min_recorded_distance_m,any_collision,convergence_time_s,mean_formation_error_m,transient_morph_error_m,steady_state_error_m,total_mode_switches
centralized,0.0,42,False,1.885746705171318,0.04251565504172812,1.7406768041481837,0.0,7.84999999999998,0.6469011028854986,1.7556031659232147,0.05474672368794142,0.0
centralized,0.0,61,False,2.795877880102405,0.04251530017649645,1.377048967616702,0.0,7.84999999999998,0.7663296391420912,1.7558348228195353,0.05474019939751489,0.0
centralized,0.0,80,False,1.7760304738010007,0.04251627576760815,1.3734682818829926,0.0,7.84999999999998,0.6314064185172025,1.7550516395192879,0.05474327048288665,0.0
centralized,0.0,99,False,1.9587335080758521,0.042514985559279975,1.436970374058675,0.0,7.84999999999998,0.6454324847705802,1.7549477313488964,0.05474445312770305,0.0
centralized,0.0,118,False,2.0580678738573845,0.042515680873992705,1.64322998346277,0.0,7.84999999999998,0.6818343112253054,1.7548939005951851,0.054743961267747915,0.0
centralized,0.0,137,False,2.0685309743329667,0.04251733754152092,1.6004254317029734,0.0,7.84999999999998,0.673940059985464,1.7559135090358138,0.05475011382337139,0.0
centralized,0.0,156,False,1.5061242822712277,0.04251491737222213,1.2254658539494752,0.0,7.84999999999998,0.6119376166676921,1.7552448242986087,0.054742344407770455,0.0
centralized,0.0,175,False,2.6444341024962936,0.04251683297040638,1.5475289198987665,0.0,7.84999999999998,0.7906057153774452,1.7563776016568895,0.054738699622618736,0.0
centralized,0.0,194,False,2.15239111616589,0.04251616616248058,1.259644591104016,0.0,7.84999999999998,0.652236405863751,1.7554467976021568,0.05475570413814928,0.0
centralized,0.0,213,False,2.0403726831147955,0.042515779163256544,1.9205056260126903,0.0,7.84999999999998,0.658518231580534,1.7553716629435707,0.05475118933258034,0.0
centralized,0.0,232,False,1.9278910234776427,0.04251583609790392,1.0764236837339818,0.0,7.84999999999998,0.6814785077055525,1.7544793420012719,0.05474990342986352,0.0
centralized,0.0,251,False,2.5368040374381158,0.042516382120258225,1.0260709213117263,0.0,7.84999999999998,0.7851143611210039,1.7548882043461762,0.05473945147383146,0.0
centralized,0.0,270,False,1.2906724624068484,0.04251503903013763,1.7863035826559395,0.0,7.84999999999998,0.6011443285417717,1.754807396179808,0.05474059410889389,0.0
centralized,0.0,289,False,2.1363567783255033,0.042515717030661156,1.4351740916866187,0.0,7.84999999999998,0.714509485731027,1.7561835211451848,0.05475225309279488,0.0
centralized,0.0,308,False,1.4406574251586624,0.04251592123327238,1.213338533821976,0.0,7.84999999999998,0.5857606076223393,1.7553225541766175,0.05474988913703345,0.0
centralized,0.0,327,False,2.327952628775749,0.04251666609353411,1.1708999889531895,0.0,7.84999999999998,0.6697584904087382,1.754908911164374,0.054759764107047464,0.0
centralized,0.0,346,False,2.1645172689436887,0.04251419309759548,1.4281174382917736,0.0,7.84999999999998,0.7085200455088531,1.754748063064105,0.05472972633140358,0.0
centralized,0.0,365,False,1.5201954123641954,0.042516194093603056,1.6143991292235462,0.0,7.84999999999998,0.594365020479996,1.7556942278767702,0.0547495430703941,0.0
centralized,0.0,384,False,1.9767604086902688,0.04251513248397634,1.5789434843711558,0.0,7.84999999999998,0.6845543295164063,1.7555363543321933,0.0547388080214564,0.0
centralized,0.0,403,False,2.3721622955241903,0.042513767347005904,1.9207300696061307,0.0,7.84999999999998,0.7896439093045782,1.7563486551127778,0.05473882414047039,0.0
centralized,0.05,42,False,1.885746705171318,0.04251533555813832,1.7406768041481837,0.0,7.84999999999998,0.647057245100843,1.7553945480550757,0.05497916918906402,0.0
centralized,0.05,61,False,2.795877880102405,0.042513922976991095,1.377048967616702,0.0,7.84999999999998,0.7665751188757876,1.7564143486902075,0.05512183766746017,0.0
centralized,0.05,80,False,1.7760304738010007,0.042506908655683955,1.3734504985675908,0.0,7.84999999999998,0.6299624112713771,1.7539239744055237,0.05485332713041585,0.0
centralized,0.05,99,False,1.9587335080758521,0.04249935051542624,1.436970374058675,0.0,7.84999999999998,0.644694798311121,1.752880212980633,0.05477968298904042,0.0
centralized,0.05,118,False,2.0580678738573845,0.042511077810222245,1.643894196019649,0.0,7.84999999999998,0.6816457597087789,1.7541371493738052,0.05482787920866991,0.0
centralized,0.05,137,False,2.0685309743329667,0.04252238870327369,1.5997482122570952,0.0,7.84999999999998,0.6737718321734971,1.755410028312978,0.05487480966318213,0.0
centralized,0.05,156,False,1.5061242822712277,0.04252307140269646,1.2254658539494752,0.0,7.84999999999998,0.6112961623720502,1.7540809834139812,0.05470176868251732,0.0
centralized,0.05,175,False,2.6444341024962936,0.04251358479254603,1.5453470792273998,0.0,7.84999999999998,0.7901674259059281,1.755590903902719,0.054937922036622226,0.0
centralized,0.05,194,False,2.15239111616589,0.04252919063322037,1.259644591104016,0.0,7.84999999999998,0.653839272377719,1.7632614179539994,0.05508820405336944,0.0
centralized,0.05,213,False,2.0403726831147955,0.042525153310667814,1.9212397270314927,0.0,7.84999999999998,0.6579076089635364,1.7548497427837608,0.0548171642882117,0.0
centralized,0.05,232,False,1.9278910234776427,0.042504224985139935,1.0750909321001683,0.0,7.84999999999998,0.6811856235745715,1.7531696656277955,0.05494850654128123,0.0
centralized,0.05,251,False,2.5368040374381158,0.04250507465189473,1.025931915207892,0.0,7.84999999999998,0.78604693440077,1.7529466902517026,0.05465985778609988,0.0
centralized,0.05,270,False,1.2906724624068484,0.042496530588863074,1.7863035826559395,0.0,7.84999999999998,0.6010891453023263,1.754982075065456,0.05487869166759298,0.0
centralized,0.05,289,False,2.1363567783255033,0.042517501577266414,1.4351740916866187,0.0,7.84999999999998,0.714179799182448,1.755115119151628,0.054866788527321644,0.0
centralized,0.05,308,False,1.4406574251586624,0.04249664022560924,1.213338533821976,0.0,7.84999999999998,0.584971983967219,1.7534068096244297,0.05491337366925243,0.0
centralized,0.05,327,False,2.327952628775749,0.042507369279499316,1.170942572927909,0.0,7.84999999999998,0.6696676895423292,1.7548082459681829,0.05498079179374498,0.0
centralized,0.05,346,False,2.1645172689436887,0.04250933097272969,1.4282915397397253,0.0,7.84999999999998,0.7077606466827049,1.753265745562504,0.0546436310565118,0.0
centralized,0.05,365,False,1.5201954123641954,0.04247939796182273,1.6143991292235462,0.0,7.89999999999998,0.5995614943806602,1.7773101381038257,0.05529016452156061,0.0
centralized,0.05,384,False,1.9767604086902688,0.042510423502588435,1.5789434843711558,0.0,7.84999999999998,0.6844625433239784,1.7551449669436743,0.054814188181344,0.0
centralized,0.05,403,False,2.3721622955241903,0.04250138297988165,1.9216835763496938,0.0,7.84999999999998,0.7891694352741988,1.7545129518085645,0.05492113607595339,0.0
centralized,0.1,42,False,1.885746705171318,0.0425105119644322,1.7406768041481837,0.0,7.84999999999998,0.6464089718623991,1.7539714270357498,0.05494626795786739,0.0
centralized,0.1,61,False,2.795877880102405,0.0424780260241243,1.3704979931241956,0.0,7.84999999999998,0.7655644895491593,1.7544932254999919,0.05500191547980834,0.0
centralized,0.1,80,False,1.7760304738010007,0.04251729747469423,1.3736956083253598,0.0,7.84999999999998,0.6311495362511873,1.7546942337187326,0.054913166378765074,0.0
centralized,0.1,99,False,1.9587335080758521,0.042501788778792786,1.436970374058675,0.0,7.84999999999998,0.6450240261489536,1.7536320652812043,0.05498835538673868,0.0
centralized,0.1,118,False,2.0580678738573845,0.04252978855633799,1.6434522811113026,0.0,7.84999999999998,0.6840287653890854,1.7669860683021443,0.05519926437772417,0.0
centralized,0.1,137,False,2.0685309743329667,0.04249040119484485,1.6011311087768874,0.0,7.89999999999998,0.6809672871365212,1.787319335623641,0.05581243650137791,0.0
centralized,0.1,156,False,1.5061242822712277,0.04252441213579178,1.2254658539494752,0.0,7.84999999999998,0.6112495344098777,1.753211015917469,0.05503190445353367,0.0
centralized,0.1,175,False,2.6444341024962936,0.0425257172655779,1.5491989123480387,0.0,7.84999999999998,0.7894039883782565,1.753976538974937,0.0548186592638885,0.0
centralized,0.1,194,False,2.15239111616589,0.04252918752498488,1.259644591104016,0.0,7.84999999999998,0.6516784816092351,1.7548745369746799,0.0551734173928229,0.0
centralized,0.1,213,False,2.0403726831147955,0.04250273294185653,1.9017821884385493,0.0,7.84999999999998,0.6580289037841126,1.7534875044352818,0.055016869522474185,0.0
centralized,0.1,232,False,1.9278910234776427,0.04250524823572865,1.0220660066517084,0.0,7.84999999999998,0.692333561874188,1.7523211870539332,0.0548077285031637,0.0
centralized,0.1,251,False,2.5368040374381158,0.04250554048897327,1.0248003644248551,0.0,7.84999999999998,0.7858404763632855,1.7522646789617666,0.05474396492769758,0.0
centralized,0.1,270,False,1.2906724624068484,0.042513712664235044,1.78649421559231,0.0,7.89999999999998,0.6029765847947971,1.7646901176989425,0.055126825240011654,0.0
centralized,0.1,289,False,2.1363567783255033,0.04251483326947583,1.4351740916866187,0.0,7.84999999999998,0.7138795719038432,1.7553234513283524,0.055326144233536656,0.0
centralized,0.1,308,False,1.4406574251586624,0.04249159676887945,1.213338533821976,0.0,7.84999999999998,0.5856029193539871,1.759402197838063,0.05500176057008422,0.0
centralized,0.1,327,False,2.327952628775749,0.04256171914829369,1.170001321277578,0.0,7.84999999999998,0.6720691097051145,1.7670067016453959,0.055827932632610426,0.0
centralized,0.1,346,False,2.1645172689436887,0.042521112838643266,1.4282915397397253,0.0,7.84999999999998,0.7080772139470944,1.7531926658631365,0.05517536718909668,0.0
centralized,0.1,365,False,1.5201954123641954,0.04250968886717098,1.6143991292235462,0.0,7.84999999999998,0.5951727158454722,1.7533546531298903,0.05504147882971151,0.0
centralized,0.1,384,False,1.9767604086902688,0.042500176415673045,1.578983308282927,0.0,7.84999999999998,0.6865022851131972,1.7537340769572918,0.0549399137408427,0.0
centralized,0.1,403,False,2.3721622955241903,0.04250215602557228,1.9064593391867555,0.0,7.84999999999998,0.7885306880950146,1.753298968588801,0.05477257605609204,0.0
centralized,0.2,42,False,1.885746705171318,0.042546266115972065,1.7406768041481837,0.0,7.84999999999998,0.6486380704486903,1.7633290100222145,0.055664845796393886,0.0
centralized,0.2,61,False,2.795877880102405,0.04251934464313907,1.376964221880936,0.0,7.89999999999998,0.7752243416885112,1.7989709356809853,0.05668804506382314,0.0
centralized,0.2,80,False,1.7760304738010007,0.04257550181435474,1.3656495222216911,0.0,7.89999999999998,0.6362690544080254,1.7749439282243156,0.05616540241959425,0.0
centralized,0.2,99,False,1.9587335080758521,0.04253122999458054,1.436970374058675,0.0,7.84999999999998,0.6533650016307179,1.7565336426536755,0.055576521600027406,0.0
centralized,0.2,118,False,2.0580678738573845,0.04252625170311655,1.64322998346277,0.0,7.84999999999998,0.6820806255518715,1.7625532882161494,0.055576318158666135,0.0
centralized,0.2,137,False,2.0685309743329667,0.04251589057705647,1.6479525500705425,0.0,7.84999999999998,0.6809964645601975,1.7609385049279112,0.055499168171818214,0.0
centralized,0.2,156,False,1.5061242822712277,0.04249254665843603,1.2254658539494752,0.0,7.84999999999998,0.6099720745904532,1.7507794177816687,0.05519413740556941,0.0
centralized,0.2,175,False,2.6444341024962936,0.0425456114483656,1.5469010033607342,0.0,7.84999999999998,0.7876720696057854,1.7519099963063687,0.05513620094736533,0.0
centralized,0.2,194,False,2.15239111616589,0.04250903821873045,1.259644591104016,0.0,7.84999999999998,0.6524538958650258,1.761728795801943,0.05576070702761002,0.0
centralized,0.2,213,False,2.0403726831147955,0.04248864037527044,1.839688826623975,0.0,7.84999999999998,0.6689805603644954,1.7640672283142846,0.05555320641637103,0.0
centralized,0.2,232,False,1.9278910234776427,0.04256329262382592,1.1154169540544256,0.0,7.84999999999998,0.6935030995411573,1.7594359238817667,0.05568728482838328,0.0
centralized,0.2,251,False,2.5368040374381158,0.04249248175129858,1.0219631204296762,0.0,7.89999999999998,0.792061189190529,1.784404295125312,0.05623026189347083,0.0
centralized,0.2,270,False,1.2906724624068484,0.04249500109080544,1.60699948358953,0.0,7.84999999999998,0.6092737665916502,1.7564399924223506,0.05523471027687286,0.0
centralized,0.2,289,False,2.1363567783255033,0.0424997745532668,1.4351740916866187,0.0,7.84999999999998,0.7141304954700018,1.755402833460633,0.05534146305345846,0.0
centralized,0.2,308,False,1.4406574251586624,0.04247663003802452,1.213338533821976,0.0,7.84999999999998,0.5867308599864794,1.7692375158078364,0.05512161232844044,0.0
centralized,0.2,327,False,2.327952628775749,0.042529401432636005,1.1655988843048408,0.0,7.84999999999998,0.667888501098964,1.7525037540392505,0.055330772505587364,0.0
centralized,0.2,346,False,2.1645172689436887,0.04248686418530923,1.4284590883032096,0.0,7.89999999999998,0.7122081115568314,1.7770344354786898,0.0556942838569319,0.0
centralized,0.2,365,False,1.5201954123641954,0.042491600659900104,1.6143991292235462,0.0,7.84999999999998,0.5929394692162806,1.7532985193328094,0.055317730221486165,0.0
centralized,0.2,384,False,1.9767604086902688,0.04247661907174433,1.5789434843711558,0.0,7.89999999999998,0.6910894495866606,1.7875723915574682,0.05587655090889711,0.0
centralized,0.2,403,False,2.3721622955241903,0.042490829522065156,1.909186483878237,0.0,7.84999999999998,0.790891816684659,1.7534835366441508,0.05556319295158103,0.0
centralized,0.3,42,False,1.885746705171318,0.042460479421346994,1.7406768041481837,0.0,7.89999999999998,0.6501535391773838,1.7764024244096999,0.05579576052469558,0.0
centralized,0.3,61,False,2.795877880102405,0.04248011967205341,1.363625856893266,0.0,7.84999999999998,0.7683161387970493,1.7523729285390428,0.05525565829101301,0.0
centralized,0.3,80,False,1.7760304738010007,0.042484455919537416,1.3534069239252609,0.0,7.84999999999998,0.6410681367428447,1.779042158827012,0.05602742882960025,0.0
centralized,0.3,99,False,1.9587335080758521,0.04246167789428925,1.436970374058675,0.0,7.89999999999998,0.6489927820943996,1.77252118923419,0.055927319548546316,0.0
centralized,0.3,118,False,2.0580678738573845,0.04247936103679098,1.6414217079397815,0.0,7.84999999999998,0.6780549637977548,1.7497117268249058,0.0555378343789741,0.0
centralized,0.3,137,False,2.0685309743329667,0.042486378918471825,1.658012525128915,0.0,7.89999999999998,0.6827027063138517,1.7754154370787043,0.05655330511807822,0.0
centralized,0.3,156,False,1.5061242822712277,0.04243572691686853,1.2254658539494752,0.0,7.84999999999998,0.6145349143645819,1.7465490862571187,0.05526348168647083,0.0
centralized,0.3,175,False,2.6444341024962936,0.04251615883165418,1.5143955513310574,0.0,7.84999999999998,0.7892054191293433,1.7535321416820857,0.055790132597803646,0.0
centralized,0.3,194,False,2.15239111616589,0.04246864531734652,1.259644591104016,0.0,7.84999999999998,0.6508274917912539,1.753509555644649,0.05595966346498442,0.0
centralized,0.3,213,False,2.0403726831147955,0.04243347546734523,1.843620159443766,0.0,7.84999999999998,0.6592957164702059,1.7611367282527064,0.05704149701354884,0.0
centralized,0.3,232,False,1.9278910234776427,0.04245433519956882,1.2746273749850021,0.0,7.84999999999998,0.7214450494773869,1.7444408100396342,0.05527496534214013,0.0
centralized,0.3,251,False,2.5368040374381158,0.04248771243791435,1.0203364859161546,0.0,7.84999999999998,0.7862599604367941,1.763030303035658,0.05534816209581212,0.0
centralized,0.3,270,False,1.2906724624068484,0.04252188128844655,1.7856689962896293,0.0,7.84999999999998,0.5997783252875822,1.7565658802964776,0.055352636878172976,0.0
centralized,0.3,289,False,2.1363567783255033,0.04251902472225037,1.4351740916866187,0.0,7.84999999999998,0.7134799686679835,1.749452588963498,0.05597413202204824,0.0
centralized,0.3,308,False,1.4406574251586624,0.042522849028635394,1.213338533821976,0.0,7.89999999999998,0.5957738037024893,1.769784093985671,0.05625488326306055,0.0
centralized,0.3,327,False,2.327952628775749,0.04252432949553039,1.17048493531907,0.0,7.84999999999998,0.6665023249369313,1.755774395054901,0.055639338963846555,0.0
centralized,0.3,346,False,2.1645172689436887,0.042548484749995445,1.3530110056370876,0.0,7.84999999999998,0.7070434341811345,1.7523863317646815,0.05540049371271668,0.0
centralized,0.3,365,False,1.5201954123641954,0.042361655795014774,1.6143991292235462,0.0,7.89999999999998,0.6003030736889293,1.7746268734038428,0.05709561423088618,0.0
centralized,0.3,384,False,1.9767604086902688,0.042452082101505334,1.578983308282927,0.0,7.89999999999998,0.6875465023256605,1.7672265874838637,0.05721455991444124,0.0
centralized,0.3,403,False,2.3721622955241903,0.04251870349321064,1.7760956459594623,0.0,7.84999999999998,0.8007183723329543,1.7702273186778488,0.056046685845272115,0.0
centralized,0.4,42,False,1.885746705171318,0.04256112338716265,1.7406768041481837,0.0,7.89999999999998,0.6563463549455203,1.8011391249408266,0.0572842683030376,0.0
centralized,0.4,61,False,2.795877880102405,0.0425098756556276,1.3669809506839554,0.0,7.84999999999998,0.7869559413684267,1.7549365522102198,0.05638343629879936,0.0
centralized,0.4,80,False,1.7760304738010007,0.04256886900524636,1.3756101400869984,0.0,7.84999999999998,0.6355165425985396,1.7756784317286107,0.05680234185506909,0.0
centralized,0.4,99,False,1.9587335080758521,0.04192124753712116,1.436970374058675,0.0,7.89999999999998,0.6502993223021328,1.785202054155514,0.05117998462662544,0.0
centralized,0.4,118,False,2.0580678738573845,0.042485751550414376,1.6242356532823308,0.0,7.89999999999998,0.6951567860108554,1.7702257142016802,0.056286283375145,0.0
centralized,0.4,137,False,2.0685309743329667,0.042389137592445954,1.695826703047884,0.0,7.89999999999998,0.6934661402536018,1.8436692391555274,0.05955115828843228,0.0
centralized,0.4,156,False,1.5061242822712277,0.04267489273285144,1.2254658539494752,0.0,7.84999999999998,0.6226953882815196,1.7993484687873198,0.06121699359877184,0.0
centralized,0.4,175,False,2.6444341024962936,0.042578175518929756,1.5908771049992627,0.0,7.84999999999998,0.7940391559227891,1.7674937453115767,0.05692227884909374,0.0
centralized,0.4,194,False,2.15239111616589,0.04262453399599278,1.259644591104016,0.0,7.84999999999998,0.6571927166840084,1.761155022756874,0.05857990682768205,0.0
centralized,0.4,213,False,2.0403726831147955,0.04253017881658062,1.941261645808942,0.0,7.94999999999998,0.6741783836645728,1.8186363717298997,0.05859342100839392,0.0
centralized,0.4,232,False,1.9278910234776427,0.04250040862075151,1.2760410102708684,0.0,7.89999999999998,0.7040976354671782,1.7765001825347155,0.057162393692535264,0.0
centralized,0.4,251,False,2.5368040374381158,0.04240466974496354,0.9547667901041177,0.0,7.84999999999998,0.7990703316470227,1.7474205688692337,0.055708380275906876,0.0
centralized,0.4,270,False,1.2906724624068484,0.04249484079765217,1.7132273125616062,0.0,7.99999999999998,0.6335290046799076,1.8446090226277132,0.05889658756522286,0.0
centralized,0.4,289,False,2.1363567783255033,0.042543172445291114,1.4351740916866187,0.0,7.79999999999998,0.7126457596923598,1.7464157097983435,0.055434420992265136,0.0
centralized,0.4,308,False,1.4406574251586624,0.04229858798276568,0.9729898409267337,0.0,7.99999999999998,0.6766291245345518,1.90535359856931,0.06056939654627451,0.0
centralized,0.4,327,False,2.327952628775749,0.04235090241827385,1.164734873138292,0.0,7.89999999999998,0.6741164939218389,1.7930023117946567,0.055844006526169984,0.0
centralized,0.4,346,False,2.1645172689436887,0.04252108754557334,0.9335416742443299,0.0,7.84999999999998,0.7294095551232218,1.7646496628730415,0.057037640837597894,0.0
centralized,0.4,365,False,1.5201954123641954,0.0423967654589247,1.6135867749761454,0.0,7.94999999999998,0.6194149813061429,1.8239857207064454,0.05789450443028278,0.0
centralized,0.4,384,False,1.9767604086902688,0.04246135854453083,1.5798180754277806,0.0,7.89999999999998,0.6947858814353649,1.7848658234336083,0.05719368789612589,0.0
centralized,0.4,403,False,2.3721622955241903,0.042590030937344446,1.966120305924994,0.0,7.84999999999998,0.7932908507429566,1.7662597050939064,0.056825020791446974,0.0
centralized,0.5,42,False,1.885746705171318,0.04256962177078973,1.56187837422761,0.0,7.89999999999998,0.6652533816283218,1.830938932110122,0.05945147153407083,0.0
centralized,0.5,61,False,2.795877880102405,0.042786422914254545,1.3391818029356595,0.0,7.84999999999998,0.7638935370117077,1.7687237288540687,0.05755287569469013,0.0
centralized,0.5,80,False,1.7760304738010007,0.04233181375722062,1.403354575320888,0.0,7.89999999999998,0.6511137449591904,1.8222517605335262,0.05755437144366687,0.0
centralized,0.5,99,False,1.9587335080758521,0.042375974915075484,1.436970374058675,0.0,7.84999999999998,0.6526165437717762,1.7750314284856388,0.05767624862077593,0.0
centralized,0.5,118,False,2.0580678738573845,0.042273468578336415,1.3671974938617144,0.0,7.84999999999998,0.7125976663156909,1.7980289302495467,0.056468864366528926,0.0
centralized,0.5,137,False,2.0685309743329667,0.042426412473464424,1.648145497517625,0.0,7.79999999999998,0.7017398714915337,1.7562948583604754,0.05557411607632401,0.0
centralized,0.5,156,False,1.5061242822712277,0.04233561316309004,1.2254658539494752,0.0,7.84999999999998,0.619110114046992,1.7769860097657588,0.05764801095787324,0.0
centralized,0.5,175,False,2.6444341024962936,0.042151706483510264,1.3074078528838617,0.0,8.04999999999998,0.852085959911571,1.91067779356088,0.0638865241423964,0.0
centralized,0.5,194,False,2.15239111616589,0.04258520980729367,1.259644591104016,0.0,7.84999999999998,0.658856549047027,1.7836908308359325,0.058164438296621754,0.0
centralized,0.5,213,False,2.0403726831147955,0.0424933826071632,1.5876104211226216,0.0,7.84999999999998,0.6980154657888609,1.800295797504769,0.05805950166433467,0.0
centralized,0.5,232,False,1.9278910234776427,0.04238667572457576,1.2760410102708684,0.0,7.79999999999998,0.6913436624649882,1.740693910806862,0.057433371883098806,0.0
centralized,0.5,251,False,2.5368040374381158,0.04242612257705314,0.9968706674738129,0.0,7.79999999999998,0.7993150106144579,1.7827137434883662,0.057087779161115314,0.0
centralized,0.5,270,False,1.2906724624068484,0.04242794487344642,1.6392951963618891,0.0,7.79999999999998,0.6168915530077698,1.7303209642382518,0.0563871015869002,0.0
centralized,0.5,289,False,2.1363567783255033,0.04247830862674023,1.4351740916866187,0.0,7.84999999999998,0.7150656976592706,1.752479112924427,0.05622733956492252,0.0
centralized,0.5,308,False,1.4406574251586624,0.04226132895559726,1.213338533821976,0.0,7.84999999999998,0.5916845696908531,1.7826046971771325,0.056821419475560186,0.0
centralized,0.5,327,False,2.327952628775749,0.04261493509545714,1.157958274430437,0.0,7.99999999999998,0.7042910120133125,1.9149129657179287,0.0628075535536646,0.0
centralized,0.5,346,False,2.1645172689436887,0.04283404002927456,1.45715091587485,0.0,7.79999999999998,0.708212289178128,1.7395260988284869,0.0633567300790625,0.0
centralized,0.5,365,False,1.5201954123641954,0.04249516619283337,1.6143991292235462,0.0,7.79999999999998,0.5928882758402876,1.7761590857562495,0.057318540604619744,0.0
centralized,0.5,384,False,1.9767604086902688,0.04239993783806068,1.578983308282927,0.0,7.79999999999998,0.6902679188018522,1.7317711876632829,0.055558170548579276,0.0
centralized,0.5,403,False,2.3721622955241903,0.04232482837221533,1.7401488625539772,0.0,7.84999999999998,0.800817736595187,1.8049480637981734,0.057279393992639045,0.0
decentralized,0.0,42,False,1.8856546139834294,0.4656695298035059,1.7409773151948384,0.0,11.950000000000035,1.1957335214638505,1.9368412643547168,0.5962541821217753,0.0
decentralized,0.0,61,False,2.795044440649729,0.45889201996098866,1.4116230267435899,0.0,11.950000000000035,1.2645304999118012,1.9478979708958377,0.5898717597734685,0.0
decentralized,0.0,80,False,1.7754972421154458,0.46563533005333413,1.3436410268793029,0.0,11.950000000000035,1.125752732872342,1.911210004127823,0.5907600848660023,0.0
decentralized,0.0,99,False,1.9579506975719663,0.4449412554255778,1.4376784877005915,0.0,11.950000000000035,1.1055323221379065,1.9426039299453373,0.5912904549571467,0.0
decentralized,0.0,118,False,2.0567358697419893,0.4677791502895554,1.6835444904872434,0.0,11.950000000000035,1.1830353298827068,1.9132886279878683,0.5961757020952011,0.0
decentralized,0.0,137,False,2.067773546233588,0.46988969016658694,1.6215469939758418,0.0,11.950000000000035,1.1646594949912872,1.914035602320833,0.5832043706547486,0.0
decentralized,0.0,156,False,1.5062018410171718,0.47269841075650076,1.2258694534760173,0.0,11.950000000000035,1.1203117593533807,1.890223390749834,0.6000065706433342,0.0
decentralized,0.0,175,False,2.6434658516619525,0.49349403996335917,1.5574380406824355,0.0,11.950000000000035,1.2967099784091503,1.8720128948685788,0.5908730405032905,0.0
decentralized,0.0,194,False,2.1519906082908737,0.44901236205764916,1.2593045251411379,0.0,11.950000000000035,1.1297606486902698,1.9572761283608542,0.5762647054689419,0.0
decentralized,0.0,213,False,2.03944602471868,0.45318859421560614,1.8985599200064178,0.0,11.950000000000035,1.1279600616022365,1.9366139604222254,0.5847535759587322,0.0
decentralized,0.0,232,False,1.9267865343666966,0.48704704760503975,1.1077873610973847,0.0,11.950000000000035,1.1907002892241385,1.8686891539654178,0.6003646033235235,0.0
decentralized,0.0,251,False,2.5353209430479575,0.4972441860511703,1.2271145456805335,0.0,11.950000000000035,1.285505087574586,1.8553677221582188,0.6010583076113459,0.0
decentralized,0.0,270,False,1.290015046422819,0.48308532559381523,1.8631760662038197,0.0,11.950000000000035,1.1186299172635956,1.8517994359237944,0.6133795820802815,0.0
decentralized,0.0,289,False,2.1360852053183783,0.4969128949549826,1.434207059436355,0.0,11.950000000000035,1.2523775049877484,1.8738910520265302,0.5935211524640628,0.0
decentralized,0.0,308,False,1.4398538768961129,0.45933842265718494,1.2135883890264054,0.0,11.950000000000035,1.081290205171741,1.9244089065439587,0.5909593263337268,0.0
decentralized,0.0,327,False,2.3270209500145125,0.44002973918172333,1.1228568181197633,0.0,11.950000000000035,1.1345403795253157,1.9860764166985205,0.5667740547202227,0.0
decentralized,0.0,346,False,2.163771043008729,0.48315583252957695,1.4275018542953948,0.0,11.950000000000035,1.196639013061835,1.8612294019141131,0.6036805781068569,0.0
decentralized,0.0,365,False,1.5193848716841347,0.4578931446001424,1.615656288424713,0.0,11.950000000000035,1.079958902178532,1.9187661217964074,0.5933542798817326,0.0
decentralized,0.0,384,False,1.9757496020695444,0.4862270935413318,1.5808758265939322,0.0,11.950000000000035,1.2090881524006065,1.8804418439414277,0.6020120609855034,0.0
decentralized,0.0,403,False,2.371212921733951,0.5267362967939435,1.901875641829112,0.0,11.950000000000035,1.332760316768499,1.8036942173579382,0.6043805967654048,0.0
decentralized,0.05,42,False,1.8856546139834294,0.4549969931906175,1.7409773151948384,0.0,11.950000000000035,1.171965881431326,1.907527579038409,0.5775117859114856,0.0
decentralized,0.05,61,False,2.795044440649729,0.44061883950175046,1.4116230267435899,0.0,11.950000000000035,1.245281505434357,1.9341620347852204,0.565833689482449,0.0
decentralized,0.05,80,False,1.7754972421154458,0.44286218026228014,1.3374130489377714,0.0,11.950000000000035,1.1102935374755087,1.8975069872209982,0.5712506728391529,0.0
decentralized,0.05,99,False,1.9579506975719663,0.42509615285681146,1.4376784877005915,0.0,11.950000000000035,1.0827963061251213,1.926228815131975,0.5640688244766933,0.0
decentralized,0.05,118,False,2.0567358697419893,0.4494260994138539,1.6835444904872434,0.0,11.950000000000035,1.1625915741762116,1.8997648228141344,0.5702553562982092,0.0
decentralized,0.05,137,False,2.067773546233588,0.45780359680174143,1.5985331371178404,0.0,11.950000000000035,1.146981526411024,1.893104102277182,0.5593904934311044,0.0
decentralized,0.05,156,False,1.5062018410171718,0.4613849502422113,1.2258694534760173,0.0,11.950000000000035,1.0976179914383613,1.8696760095509786,0.5674373904642408,0.0
decentralized,0.05,175,False,2.6434658516619525,0.4665232848210047,1.5674483152664678,0.0,11.950000000000035,1.2763047620425263,1.8651897182047923,0.5722041786915533,0.0
decentralized,0.05,194,False,2.1519906082908737,0.4322511647325418,1.2593045251411379,0.0,11.950000000000035,1.108924458692617,1.939136577748801,0.5411499549359818,0.0
decentralized,0.05,213,False,2.03944602471868,0.4251679496338983,1.8762171693267577,0.0,11.950000000000035,1.1136111680291905,1.9306182818737916,0.5644742906168474,0.0
decentralized,0.05,232,False,1.9267865343666966,0.4671586914292653,1.1040745714832196,0.0,11.950000000000035,1.1798810492732987,1.857820034760542,0.5907936888861748,0.0
decentralized,0.05,251,False,2.5353209430479575,0.47905610973189466,1.2286994707028425,0.0,11.950000000000035,1.2676194120328712,1.8477622114519416,0.5887020442467585,0.0
decentralized,0.05,270,False,1.290015046422819,0.45892050383597827,1.8631760662038197,0.0,11.950000000000035,1.1008684954268386,1.8444899585846846,0.5977176991738846,0.0
decentralized,0.05,289,False,2.1360852053183783,0.4759077030268951,1.434207059436355,0.0,11.950000000000035,1.2327848331110178,1.860072074637141,0.5737108948822394,0.0
decentralized,0.05,308,False,1.4398538768961129,0.4373649593897717,1.2135883890264054,0.0,11.950000000000035,1.059764233284727,1.9107189091264993,0.5705420976038525,0.0
decentralized,0.05,327,False,2.3270209500145125,0.42347066584690474,1.1260152576230973,0.0,11.950000000000035,1.118586931979327,1.9688360128380578,0.5458868333270493,0.0
decentralized,0.05,346,False,2.163771043008729,0.46460579484537207,1.42895833874499,0.0,11.950000000000035,1.178800531695729,1.8524612538467862,0.5858321987509126,0.0
decentralized,0.05,365,False,1.5193848716841347,0.4401963055116625,1.615656288424713,0.0,11.950000000000035,1.0565125003410045,1.9014649161535837,0.5627611089628531,0.0
decentralized,0.05,384,False,1.9757496020695444,0.46889559664555464,1.5808758265939322,0.0,11.950000000000035,1.1948768814137702,1.867558435649125,0.5843030850986644,0.0
decentralized,0.05,403,False,2.371212921733951,0.49892405740601,1.867461561976193,0.0,11.950000000000035,1.3180476898504603,1.7984119743758464,0.5929318666928591,0.0
decentralized,0.1,42,False,1.8856546139834294,0.43605805229704026,1.7409773151948384,0.0,11.950000000000035,1.1574080891178133,1.899262783854012,0.5468178987527009,0.0
decentralized,0.1,61,False,2.795044440649729,0.42161749058131465,1.4116230267435899,0.0,11.950000000000035,1.2410741146130255,1.9187081820659009,0.5570841730529857,0.0
decentralized,0.1,80,False,1.7754972421154458,0.44270576627894437,1.3455294338761605,0.0,11.950000000000035,1.0757789877997335,1.8709706760887557,0.536237317804819,0.0
decentralized,0.1,99,False,1.9579506975719663,0.41542913923125857,1.4376784877005915,0.0,11.950000000000035,1.0659502403341534,1.9084316448790006,0.5450879541190417,0.0
decentralized,0.1,118,False,2.0567358697419893,0.4207981115302141,1.6835444904872434,0.0,11.950000000000035,1.1533063755247757,1.896140151443761,0.5658719940229198,0.0
decentralized,0.1,137,False,2.067773546233588,0.4280835067872009,1.5953075525601392,0.0,11.950000000000035,1.1370810912437708,1.8852881583566663,0.5503875282579169,0.0
decentralized,0.1,156,False,1.5062018410171718,0.43905834229127483,1.2258694534760173,0.0,11.950000000000035,1.0832697384722063,1.8608531053471824,0.5581603993248646,0.0
decentralized,0.1,175,False,2.6434658516619525,0.4533040324483779,1.5693802273074269,0.0,11.950000000000035,1.256854765177258,1.843082803230756,0.5430600018056877,0.0
decentralized,0.1,194,False,2.1519906082908737,0.4112383002271245,1.2593045251411379,0.0,11.950000000000035,1.0911719450424158,1.9206515976550622,0.5301942698486216,0.0
decentralized,0.1,213,False,2.03944602471868,0.4185403724036957,1.891767286818212,0.0,11.950000000000035,1.0941887523022762,1.9079127300238283,0.5431075501120545,0.0
decentralized,0.1,232,False,1.9267865343666966,0.44776008665650596,1.120189956655655,0.0,11.950000000000035,1.1584853382992037,1.8514836827051244,0.5680757267186155,0.0
decentralized,0.1,251,False,2.5353209430479575,0.46593910842388564,1.2275853912872159,0.0,11.950000000000035,1.2469999267960412,1.8208784724912241,0.5652171795120756,0.0
decentralized,0.1,270,False,1.290015046422819,0.43391557474445064,1.8631760662038197,0.0,11.950000000000035,1.0835284743647164,1.8404025152118384,0.5733199931748783,0.0
decentralized,0.1,289,False,2.1360852053183783,0.44965437429372307,1.434207059436355,0.0,11.950000000000035,1.218208662931453,1.852821364853213,0.5695136242492735,0.0
decentralized,0.1,308,False,1.4398538768961129,0.4154914394337772,1.2135883890264054,0.0,11.950000000000035,1.0513587013123855,1.8995221235428292,0.5564866269719472,0.0
decentralized,0.1,327,False,2.3270209500145125,0.4226926259736229,1.1430021717261822,0.0,11.950000000000035,1.0889894065628267,1.9355279477782616,0.5125435787104153,0.0
decentralized,0.1,346,False,2.163771043008729,0.44187091735551887,1.425891054512683,0.0,11.950000000000035,1.16811279852337,1.837583431483018,0.5741901364554237,0.0
decentralized,0.1,365,False,1.5193848716841347,0.403697118227523,1.615656288424713,0.0,11.950000000000035,1.0499406091258328,1.899223756192356,0.5469460908424361,0.0
decentralized,0.1,384,False,1.9757496020695444,0.45029078442785664,1.5808758265939322,0.0,11.950000000000035,1.1736071942574415,1.8529487319790061,0.5766303081724653,0.0
decentralized,0.1,403,False,2.371212921733951,0.4831393283723462,1.8799260162060891,0.0,11.950000000000035,1.298988541599529,1.7849502306033207,0.5848130355910224,0.0
decentralized,0.2,42,False,1.8856546139834294,0.3976752071542556,1.7409773151948384,0.0,11.950000000000035,1.1299474283055522,1.8721509632780573,0.5179651603727172,0.0
decentralized,0.2,61,False,2.795044440649729,0.4021457862962542,1.4116230267435899,0.0,11.950000000000035,1.1956334563388589,1.8660419788753442,0.5019936060488611,0.0
decentralized,0.2,80,False,1.7754972421154458,0.37474207413158656,1.3242559824918827,0.0,11.950000000000035,1.0606716159337521,1.8649393385988855,0.5110692101649575,0.0
decentralized,0.2,99,False,1.9579506975719663,0.382489021426978,1.4376784877005915,0.0,11.950000000000035,1.0345073110859568,1.8806375740321775,0.49753230326432657,0.0
decentralized,0.2,118,False,2.0567358697419893,0.3924691489997441,1.6835444904872434,0.0,11.950000000000035,1.1189064484669113,1.869902441446568,0.5244062443129528,0.0
decentralized,0.2,137,False,2.067773546233588,0.42408886496077375,1.6049623741197843,0.0,11.950000000000035,1.079358794977653,1.8478721883260616,0.49672934024720156,0.0
decentralized,0.2,156,False,1.5062018410171718,0.4019638631802836,1.2258694534760173,0.0,11.950000000000035,1.0527442337657336,1.833364132684806,0.539248538120052,0.0
decentralized,0.2,175,False,2.6434658516619525,0.4074545185076,1.586784441308596,0.0,11.950000000000035,1.2222567317539976,1.8221999093080175,0.527427909094755,0.0
decentralized,0.2,194,False,2.1519906082908737,0.39219733040474825,1.2593045251411379,0.0,11.950000000000035,1.0627501266140802,1.8719179519671605,0.49666248272031815,0.0
decentralized,0.2,213,False,2.03944602471868,0.39122127010940894,1.931620426160193,0.0,11.950000000000035,1.054373269023386,1.8649669139490768,0.49919441703803985,0.0
decentralized,0.2,232,False,1.9267865343666966,0.4270318464618731,1.1018486169971025,0.0,11.950000000000035,1.1050598029967962,1.806999529412563,0.5300186865749776,0.0
decentralized,0.2,251,False,2.5353209430479575,0.43058277610401685,1.215093954976616,0.0,11.950000000000035,1.2167494126830212,1.8005239290596078,0.5380576888478351,0.0
decentralized,0.2,270,False,1.290015046422819,0.4016701645824079,1.8631760662038197,0.0,11.950000000000035,1.0434221464536586,1.8066559118449836,0.5304163124504825,0.0
decentralized,0.2,289,False,2.1360852053183783,0.44859241736355776,1.434207059436355,0.0,11.950000000000035,1.16812732016589,1.8078655230512493,0.5197323699774025,0.0
decentralized,0.2,308,False,1.4398538768961129,0.39113071642411135,1.2135883890264054,0.0,11.950000000000035,1.0119520555769719,1.8606921324388401,0.5050412343253649,0.0
decentralized,0.2,327,False,2.3270209500145125,0.38983142202753107,1.1269888869050226,0.0,11.950000000000035,1.0570366749583422,1.897552972682122,0.45978072795568786,0.0
decentralized,0.2,346,False,2.163771043008729,0.4094729006190513,1.4226323994975754,0.0,11.950000000000035,1.126324581197224,1.8171457310062953,0.5186616764798857,0.0
decentralized,0.2,365,False,1.5193848716841347,0.39268258553460117,1.615656288424713,0.0,11.950000000000035,0.9939387764663702,1.8572959299969767,0.4861607319018031,0.0
decentralized,0.2,384,False,1.9757496020695444,0.4242550813491673,1.5808758265939322,0.0,11.950000000000035,1.1200086448712299,1.8167875873717063,0.5120155344923507,0.0
decentralized,0.2,403,False,2.371212921733951,0.4479779663650049,1.9643543856448429,0.0,11.950000000000035,1.2489809026108414,1.7679354666450382,0.535880905550056,0.0
decentralized,0.3,42,False,1.8856546139834294,0.3607569706519537,1.7409773151948384,0.0,11.950000000000035,1.0714710169210317,1.8292694501616464,0.4538811671454595,0.0
decentralized,0.3,61,False,2.795044440649729,0.37254965796947553,1.4116230267435899,0.0,11.950000000000035,1.1602648034523193,1.8393467275914799,0.447140157654826,0.0
decentralized,0.3,80,False,1.7754972421154458,0.35970849042257785,1.3365278921507497,0.0,11.950000000000035,1.0280960029876003,1.8351185415422702,0.485399817139237,0.0
decentralized,0.3,99,False,1.9579506975719663,0.34946599464912176,1.4376784877005915,0.0,11.950000000000035,1.0000672189391033,1.83798493338648,0.46477704899363165,0.0
decentralized,0.3,118,False,2.0567358697419893,0.3424267409368957,1.6835444904872434,0.0,11.950000000000035,1.0724419868570763,1.8395361137249577,0.47004413493014746,0.0
decentralized,0.3,137,False,2.067773546233588,0.34877691206692674,1.6652482541615772,0.0,11.950000000000035,1.0755351352049776,1.8292644796034898,0.4881411803327451,0.0
decentralized,0.3,156,False,1.5062018410171718,0.37687554620923375,1.2258694534760173,0.0,11.950000000000035,1.0066055343347788,1.7994448604169206,0.4680702599772681,0.0
decentralized,0.3,175,False,2.6434658516619525,0.4165073140144589,1.54017352958546,0.0,11.950000000000035,1.1705617592492017,1.765007853142285,0.4809489132167798,0.0
decentralized,0.3,194,False,2.1519906082908737,0.352035507329593,1.2593045251411379,0.0,11.950000000000035,1.0233567298740418,1.8488927081369346,0.45282795457714425,0.0
decentralized,0.3,213,False,2.03944602471868,0.3228053712729908,1.868581563791579,0.0,11.950000000000035,1.0286603978638078,1.8660626308767303,0.4701909227202068,0.0
decentralized,0.3,232,False,1.9267865343666966,0.39571951288202656,1.0877966512369128,0.0,11.950000000000035,1.0749289497707002,1.7920213253107418,0.49900156182702027,0.0
decentralized,0.3,251,False,2.5353209430479575,0.40436942707072676,1.2394850021496695,0.0,11.950000000000035,1.1538457330924103,1.7638960125648928,0.47731586143092913,0.0
decentralized,0.3,270,False,1.290015046422819,0.35177053307120393,1.8631760662038197,0.0,11.950000000000035,1.0062924383239946,1.8023599394432,0.48945588375086363,0.0
decentralized,0.3,289,False,2.1360852053183783,0.3905550259601891,1.434207059436355,0.0,11.950000000000035,1.1347911067857774,1.8014195150262828,0.4718220609552724,0.0
decentralized,0.3,308,False,1.4398538768961129,0.35657075724965814,1.2135883890264054,0.0,11.950000000000035,0.9592567197309155,1.8300040281292718,0.4529535626526776,0.0
decentralized,0.3,327,False,2.3270209500145125,0.33301308837432186,1.1381589928753668,0.0,11.950000000000035,1.038550881682822,1.8924050784954272,0.4461378374145476,0.0
decentralized,0.3,346,False,2.163771043008729,0.3688477264525756,1.4301734203075034,0.0,11.950000000000035,1.0846797307270037,1.782062886077914,0.49608368052197405,0.0
decentralized,0.3,365,False,1.5193848716841347,0.3468524667632563,1.615656288424713,0.0,11.950000000000035,0.9683522790962764,1.833395114313983,0.473963704599247,0.0
decentralized,0.3,384,False,1.9757496020695444,0.38364456991134804,1.5808758265939322,0.0,11.950000000000035,1.0859149479532197,1.7897832077012565,0.47902183110680574,0.0
decentralized,0.3,403,False,2.371212921733951,0.40093271413992754,1.892038639833658,0.0,11.950000000000035,1.2181992674923598,1.7428799348598312,0.5366929766141076,0.0
decentralized,0.4,42,False,1.8856546139834294,0.2967208749271919,1.7409773151948384,0.0,11.950000000000035,1.0489037278253983,1.8205999277617415,0.4476747251816237,0.0
decentralized,0.4,61,False,2.795044440649729,0.2996930475814605,1.4116230267435899,0.0,11.950000000000035,1.135370654028982,1.8456393481272022,0.4109463344517474,0.0
decentralized,0.4,80,False,1.7754972421154458,0.325461792853621,1.3543444924989525,0.0,11.950000000000035,0.9949313868978606,1.8013958324690202,0.44055604944287513,0.0
decentralized,0.4,99,False,1.9579506975719663,0.3156620492950116,1.4376784877005915,0.0,11.950000000000035,0.9845132015754795,1.7976480322747437,0.4519053930766618,0.0
decentralized,0.4,118,False,2.0567358697419893,0.3105610399471686,1.6835444904872434,0.0,11.950000000000035,1.0333263495587106,1.8110207333034258,0.4341465640362135,0.0
decentralized,0.4,137,False,2.067773546233588,0.3224078426771071,1.5935447144822195,0.0,11.950000000000035,1.032687236297856,1.7947087553690297,0.4355356117159023,0.0
decentralized,0.4,156,False,1.5062018410171718,0.3467019736856232,1.2258694534760173,0.0,11.950000000000035,0.9642872283857337,1.7907069999843934,0.42703379519875134,0.0
decentralized,0.4,175,False,2.6434658516619525,0.32773937090766264,1.612513726696164,0.0,11.950000000000035,1.1463658039484814,1.7774948731309679,0.4710225565418022,0.0
decentralized,0.4,194,False,2.1519906082908737,0.29427378824767175,1.2593045251411379,0.0,11.950000000000035,1.0182095635429977,1.8210848000735327,0.4331908258583881,0.0
decentralized,0.4,213,False,2.03944602471868,0.3347255185603947,1.9460627795669272,0.0,11.950000000000035,0.9862006734741499,1.7967376056456432,0.401347067876518,0.0
decentralized,0.4,232,False,1.9267865343666966,0.3530899904632825,1.0894466466554322,0.0,11.950000000000035,1.043011749765394,1.777822638993885,0.4583735551333778,0.0
decentralized,0.4,251,False,2.5353209430479575,0.31507132855190867,1.2237113130347488,0.0,11.950000000000035,1.1442234795768325,1.7584927869844613,0.47858595014378486,0.0
decentralized,0.4,270,False,1.290015046422819,0.33142215798282815,1.8631760662038197,0.0,11.950000000000035,0.9713953504638744,1.7703763270821264,0.45828065166251597,0.0
decentralized,0.4,289,False,2.1360852053183783,0.35105666361400795,1.434207059436355,0.0,11.950000000000035,1.0836997012973195,1.7712338617871686,0.4570315454811542,0.0
decentralized,0.4,308,False,1.4398538768961129,0.3193487812295995,1.2135883890264054,0.0,11.950000000000035,0.9324639986077121,1.808568514550474,0.4120442652593183,0.0
decentralized,0.4,327,False,2.3270209500145125,0.336419617953622,1.1487630187202766,0.0,11.950000000000035,0.9842927762953888,1.8178289669147194,0.37764197912493686,0.0
decentralized,0.4,346,False,2.163771043008729,0.34472624477617086,1.436735985141664,0.0,11.950000000000035,1.041774873582225,1.7536573481049078,0.4196976792568828,0.0
decentralized,0.4,365,False,1.5193848716841347,0.3212757792458012,1.615656288424713,0.0,11.950000000000035,0.9430663984827271,1.7933418594298018,0.4531800399376406,0.0
decentralized,0.4,384,False,1.9757496020695444,0.3036092097371024,1.5808758265939322,0.0,11.950000000000035,1.0737300583139886,1.7943871246294287,0.4717541934846727,0.0
decentralized,0.4,403,False,2.371212921733951,0.3574978309878945,1.8491796319308726,0.0,11.950000000000035,1.169713966821414,1.721929489217006,0.4588919539304062,0.0
decentralized,0.5,42,False,1.8856546139834294,0.2915164927635004,1.7409773151948384,0.0,11.950000000000035,1.021377237648651,1.7874263510440551,0.3989170143435348,0.0
decentralized,0.5,61,False,2.795044440649729,0.31216950000961247,1.353008890569482,0.0,11.950000000000035,1.088950843255184,1.7834358950916842,0.3799311851907597,0.0
decentralized,0.5,80,False,1.7754972421154458,0.2805950338417517,1.3523492363703107,0.0,11.950000000000035,0.9654799894910813,1.773843966589443,0.4181409033915285,0.0
decentralized,0.5,99,False,1.9579506975719663,0.29692377807014636,1.4376784877005915,0.0,11.950000000000035,0.9550169162393317,1.7708232886296955,0.4036733053007669,0.0
decentralized,0.5,118,False,2.0567358697419893,0.27305332666595017,1.6835444904872434,0.0,11.950000000000035,0.9936370639012222,1.7940328136926156,0.38171348189145804,0.0
decentralized,0.5,137,False,2.067773546233588,0.29633203567875854,1.6450422149642028,0.0,11.950000000000035,0.9864594519417796,1.771999659479282,0.3631425268535619,0.0
decentralized,0.5,156,False,1.5062018410171718,0.29339523092477465,1.2258694534760173,0.0,11.950000000000035,0.9370863098304357,1.7591886344900636,0.3907422736476845,0.0
decentralized,0.5,175,False,2.6434658516619525,0.2969677777260446,1.5984993574349375,0.0,11.950000000000035,1.1025126520436932,1.7495338781919443,0.424132971004974,0.0
decentralized,0.5,194,False,2.1519906082908737,0.3413682057577262,1.2593045251411379,0.0,11.950000000000035,0.9493325440529209,1.7592468785107855,0.3794712450631206,0.0
decentralized,0.5,213,False,2.03944602471868,0.321182885109132,1.9511958496545745,0.0,11.950000000000035,0.9410219194583747,1.7605848462976654,0.3586876909832122,0.0
decentralized,0.5,232,False,1.9267865343666966,0.2822588564559398,1.1623454864849554,0.0,11.950000000000035,1.0145327964834094,1.7555334240397524,0.42785653455313266,0.0
decentralized,0.5,251,False,2.5353209430479575,0.2938493268287037,1.1909383210933544,0.0,11.950000000000035,1.0975196342519227,1.7677707767222848,0.4180306983437186,0.0
decentralized,0.5,270,False,1.290015046422819,0.26735870796113065,1.8631760662038197,0.0,11.950000000000035,0.9201069036575338,1.772594816293087,0.4033235478666458,0.0
decentralized,0.5,289,False,2.1360852053183783,0.3149252150057294,1.434207059436355,0.0,11.950000000000035,1.0298084976539306,1.7630132212840264,0.3874848867177143,0.0
decentralized,0.5,308,False,1.4398538768961129,0.300100189742525,1.2135883890264054,0.0,11.950000000000035,0.8953390020966316,1.7730547239697512,0.36570561814590796,0.0
decentralized,0.5,327,False,2.3270209500145125,0.272584381105349,1.1488291470911713,0.0,11.950000000000035,0.9672051331598936,1.8119365223439245,0.3760771946755308,0.0
decentralized,0.5,346,False,2.163771043008729,0.26160531589179103,1.4234414935146669,0.0,11.950000000000035,1.0325588650101756,1.7488374963769153,0.4102791258149527,0.0
decentralized,0.5,365,False,1.5193848716841347,0.2919029679290428,1.615656288424713,0.0,11.950000000000035,0.9004572210608802,1.766792439978036,0.4011208480804631,0.0
decentralized,0.5,384,False,1.9757496020695444,0.2681343611668074,1.5746951572858583,0.0,11.950000000000035,1.0476412469706344,1.7811103545706393,0.46623787892131413,0.0
decentralized,0.5,403,False,2.371212921733951,0.313348097269455,1.9352763486767326,0.0,11.950000000000035,1.1250508151418883,1.723261605743771,0.441476738783051,0.0
hybrid_proposed,0.0,42,False,1.886631335691647,0.0018517217032111143,1.7406471750306907,0.0,7.89999999999998,0.6485534538466727,1.775853804450216,0.027018613283620714,0.0
hybrid_proposed,0.0,61,False,2.7963760473336907,0.0018513929760245896,1.3274549361708778,0.0,7.89999999999998,0.7677825325638016,1.7760401180376055,0.027014073125533358,0.0
hybrid_proposed,0.0,80,False,1.776356867540198,0.001851223078335963,1.3416277343677387,0.0,7.89999999999998,0.6288916941476631,1.7753948978997411,0.027011298593199305,0.0
hybrid_proposed,0.0,99,False,1.9588746860939026,0.0018522341900072958,1.436136025682081,0.0,7.89999999999998,0.6445502525284399,1.77530674994098,0.02702555874184779,0.0
hybrid_proposed,0.0,118,False,2.0576609416291913,0.001851506889140572,1.6832080377972292,0.0,7.89999999999998,0.6722497526341665,1.7751711306147309,0.02701522011326299,0.0
hybrid_proposed,0.0,137,False,2.0689020123900685,0.0018511604288721018,1.5472926147177934,0.0,7.89999999999998,0.6682219213981636,1.7761472567558976,0.027010780495696277,0.0
hybrid_proposed,0.0,156,False,1.5067424820872894,0.0018519130479577994,1.2253393587271566,0.0,7.89999999999998,0.6124168369837723,1.77551488348886,0.027021090153699866,0.0
hybrid_proposed,0.0,175,False,2.644462951646138,0.0018507570971798013,1.596659057438563,0.0,7.89999999999998,0.7875563456757056,1.7766523847147915,0.02700534489585303,0.0
hybrid_proposed,0.0,194,False,2.153316024173013,0.0018523087272221865,1.2577319795382602,0.0,7.89999999999998,0.6529509633812313,1.775710059193998,0.027026791482686528,0.0
hybrid_proposed,0.0,213,False,2.0405614071994127,0.0018521365682579879,1.951537469602317,0.0,7.89999999999998,0.653375197824866,1.7756057168319392,0.02702429394976071,0.0
hybrid_proposed,0.0,232,False,1.9275199092033906,0.0018519367163550963,1.0709449955491437,0.0,7.89999999999998,0.6743495722491938,1.7748133626873925,0.027021058564611906,0.0
hybrid_proposed,0.0,251,False,2.5361621312852876,0.0018510520683267073,1.0964018754518308,0.0,7.89999999999998,0.7780200121846081,1.7752010433698797,0.027008771382925543,0.0
hybrid_proposed,0.0,270,False,1.2901464514251026,0.0018516561587617576,1.8533073485003746,0.0,7.89999999999998,0.5961207130586196,1.7751487991717143,0.027017292757024188,0.0
hybrid_proposed,0.0,289,False,2.136867690827123,0.001852100172037752,1.4337340865705366,0.0,7.89999999999998,0.7166961008732557,1.776366759786307,0.027024128698895256,0.0
hybrid_proposed,0.0,308,False,1.4407172817852165,0.0018518119137458273,1.213185199173687,0.0,7.89999999999998,0.5776243006757463,1.775539337230306,0.02701967380523722,0.0
hybrid_proposed,0.0,327,False,2.3285571515316823,0.0018523980995447092,1.1809247277881698,0.0,7.89999999999998,0.6644187891883935,1.7752034385136863,0.027027785377001005,0.0
hybrid_proposed,0.0,346,False,2.1644853503717356,0.0018514493913630483,1.4492857691863839,0.0,7.89999999999998,0.7088199542627802,1.775142495740934,0.0270143955648153,0.0
hybrid_proposed,0.0,365,False,1.5201450309143143,0.0018515339459414973,1.6145797441292395,0.0,7.89999999999998,0.589583214536448,1.775853756515405,0.027015920119960114,0.0
hybrid_proposed,0.0,384,False,1.9764813175056684,0.0018514404007299074,1.5804775462022598,0.0,7.89999999999998,0.6842114666971463,1.7758367251252156,0.02701467359509148,0.0
hybrid_proposed,0.0,403,False,2.37185001165427,0.0018522642811588425,1.9516885727107733,0.0,7.89999999999998,0.7826293796226355,1.776410740127767,0.02702645227541034,0.0
hybrid_proposed,0.05,42,False,1.886631335691647,0.0027321469427559557,1.7406471750306907,0.0,7.89999999999998,0.6521496279516281,1.7758596851569335,0.027613477029121525,0.0
hybrid_proposed,0.05,61,False,2.7963760473336907,0.0035711933387045456,1.3274549361708778,0.0,7.89999999999998,0.7681592322279759,1.7768229482953075,0.027888000171552976,0.0
hybrid_proposed,0.05,80,False,1.776356867540198,0.002957498823838472,1.3418849473759749,0.0,7.89999999999998,0.6294799032614165,1.7756843302497982,0.027625038238314515,0.0
hybrid_proposed,0.05,99,False,1.9588746860939026,0.0025371153028031154,1.436136025682081,0.0,7.89999999999998,0.6446607162135988,1.7748744739041356,0.027540633993411154,0.0
hybrid_proposed,0.05,118,False,2.0576609416291913,0.006184087109723188,1.6834220777890139,0.0,7.89999999999998,0.6727536594439838,1.775981489953748,0.027697665103704795,0.0
hybrid_proposed,0.05,137,False,2.0689020123900685,0.002164117163248137,1.5469216321794832,0.0,7.89999999999998,0.6686108722699025,1.7761164093741695,0.026821788745647685,0.0
hybrid_proposed,0.05,156,False,1.5067424820872894,0.004064952160218056,1.2253393587271566,0.0,7.89999999999998,0.6130115592585625,1.7753106700372885,0.027346442745083986,0.0
hybrid_proposed,0.05,175,False,2.644462951646138,0.0041535232564784445,1.5988337705798634,0.0,7.89999999999998,0.7878632789799949,1.7761653678672196,0.027625362510546005,0.0
hybrid_proposed,0.05,194,False,2.153316024173013,0.0034674087880988834,1.2577319795382602,0.0,7.94999999999998,0.6553132466068129,1.785200412512349,0.02817652082856139,0.0
hybrid_proposed,0.05,213,False,2.0405614071994127,0.0036005035647168906,1.9529053468249942,0.0,7.89999999999998,0.6540824538022484,1.777417894750155,0.027588635476233823,0.0
hybrid_proposed,0.05,232,False,1.9275199092033906,0.0036897788207363173,1.0708110953792478,0.0,7.89999999999998,0.6746250313398595,1.7743725998738342,0.02790670758002905,0.0
hybrid_proposed,0.05,251,False,2.5361621312852876,0.003790839620279668,1.0963674590058203,0.0,7.89999999999998,0.7795128299697679,1.775216936530017,0.02824010522081293,0.0
hybrid_proposed,0.05,270,False,1.2901464514251026,0.0035917717583064616,1.8533073485003746,0.0,7.89999999999998,0.5975683180001088,1.7777215002134497,0.02861502778734453,0.0
hybrid_proposed,0.05,289,False,2.136867690827123,0.00401071601961606,1.4337340865705366,0.0,7.94999999999998,0.7179532882890928,1.7805511802814855,0.027768030718482575,0.0
hybrid_proposed,0.05,308,False,1.4407172817852165,0.0034519043983277085,1.213185199173687,0.0,7.89999999999998,0.5787110701866561,1.7751358372962884,0.0282992174082161,0.0
hybrid_proposed,0.05,327,False,2.3285571515316823,0.003534754887414043,1.1809247277881698,0.0,7.89999999999998,0.6648532762294558,1.7767395893148856,0.0278078036330834,0.0
hybrid_proposed,0.05,346,False,2.1644853503717356,0.004535506215091226,1.449348134194751,0.0,7.89999999999998,0.7091160126581938,1.7743721895331785,0.02763115352948454,0.0
hybrid_proposed,0.05,365,False,1.5201450309143143,0.0036531370341229526,1.6145797441292395,0.0,7.94999999999998,0.5957206951076289,1.7985272172297269,0.028777926220285244,0.0
hybrid_proposed,0.05,384,False,1.9764813175056684,0.003369387601108406,1.5804775462022598,0.0,7.89999999999998,0.6847784554670237,1.7771569711229522,0.027761538358064327,0.0
hybrid_proposed,0.05,403,False,2.37185001165427,0.0025409821038693413,1.9511769023396157,0.0,7.89999999999998,0.7830425320228301,1.776401779875751,0.027796696873665802,0.0
hybrid_proposed,0.1,42,False,1.886631335691647,0.004471093654493143,1.7406471750306907,0.0,7.89999999999998,0.6495935961679253,1.7758236031783248,0.02854869076104152,0.0
hybrid_proposed,0.1,61,False,2.7963760473336907,0.006218157431654698,1.3281649037974728,0.0,7.89999999999998,0.7691313720575362,1.777993413782395,0.029556504873136148,0.0
hybrid_proposed,0.1,80,False,1.776356867540198,0.004458312752938558,1.3414694282935804,0.0,7.89999999999998,0.6298911056599708,1.777102765922048,0.028026661122078328,0.0
hybrid_proposed,0.1,99,False,1.9588746860939026,0.006585375468508384,1.436136025682081,0.0,7.89999999999998,0.6451900549960963,1.773907427917289,0.02923660286544498,0.0
hybrid_proposed,0.1,118,False,2.0576609416291913,0.004266341564563509,1.6832655918799306,0.0,7.94999999999998,0.6758390615811484,1.7889417809245682,0.028299693548372647,0.0
hybrid_proposed,0.1,137,False,2.0689020123900685,0.005463404643722988,1.5480097990258335,0.0,7.94999999999998,0.6769318062998053,1.8086191192010563,0.030293687241777643,0.0
hybrid_proposed,0.1,156,False,1.5067424820872894,0.0063106613974656025,1.2253393587271566,0.0,7.89999999999998,0.6135138522250875,1.7752469905133719,0.02898725141077438,0.0
hybrid_proposed,0.1,175,False,2.644462951646138,0.0064307334715284084,1.598970683948348,0.0,7.89999999999998,0.7887107406303113,1.7782072418342232,0.02828567205303001,0.0
hybrid_proposed,0.1,194,False,2.153316024173013,0.0055979588135053795,1.2577319795382602,0.0,7.89999999999998,0.6530708050790877,1.77583408453886,0.028254903490709204,0.0
hybrid_proposed,0.1,213,False,2.0405614071994127,0.0049307914724749805,1.948263396013967,0.0,7.89999999999998,0.6534369504463347,1.774909792511123,0.027857649172249286,0.0
hybrid_proposed,0.1,232,False,1.9275199092033906,0.00578020040793841,1.0266434590394586,0.0,7.89999999999998,0.6777375023592868,1.7739720282506741,0.02862553538992636,0.0
hybrid_proposed,0.1,251,False,2.5361621312852876,0.007667849276910742,1.0978823271742464,0.0,7.89999999999998,0.7802336612848488,1.774533545799076,0.03030276997122818,0.0
hybrid_proposed,0.1,270,False,1.2901464514251026,0.007694809154573021,1.853333670284134,0.0,7.94999999999998,0.5998766879469037,1.7855606924705483,0.02941629066829583,0.0
hybrid_proposed,0.1,289,False,2.136867690827123,0.005082135034129545,1.4337340865705366,0.0,7.89999999999998,0.717640616823114,1.7761477589489447,0.029049769720719733,0.0
hybrid_proposed,0.1,308,False,1.4407172817852165,0.00725287763562018,1.213185199173687,0.0,7.89999999999998,0.5803861520474399,1.7813890881165875,0.02917009913831923,0.0
hybrid_proposed,0.1,327,False,2.3285571515316823,0.005349027187399615,1.1812096469284366,0.0,7.94999999999998,0.6671647316825703,1.788489603626048,0.02890207055506504,0.0
hybrid_proposed,0.1,346,False,2.1644853503717356,0.006077092125069529,1.449348134194751,0.0,7.89999999999998,0.7116221717306519,1.7749145607574048,0.027884953039655557,0.0
hybrid_proposed,0.1,365,False,1.5201450309143143,0.004571741340258687,1.6145797441292395,0.0,7.89999999999998,0.5918273048932913,1.7760776268298175,0.028968326485678403,0.0
hybrid_proposed,0.1,384,False,1.9764813175056684,0.006598618330054593,1.5804775462022598,0.0,7.89999999999998,0.6853582913145867,1.775755132142864,0.029157598009759107,0.0
hybrid_proposed,0.1,403,False,2.37185001165427,0.006069015339278648,1.945221330363669,0.0,7.89999999999998,0.7837178038761811,1.7756163682908277,0.03007940823451847,0.0
hybrid_proposed,0.2,42,False,1.886631335691647,0.010364738921026156,1.7406471750306907,0.0,7.94999999999998,0.6566687926814865,1.7865688788272445,0.03100337422853829,0.0
hybrid_proposed,0.2,61,False,2.7963760473336907,0.011605000082298995,1.3283724555230851,0.0,7.94999999999998,0.7805349563289806,1.8218791116261475,0.033054615564227466,0.0
hybrid_proposed,0.2,80,False,1.776356867540198,0.011783472416899123,1.3381276905276087,0.0,7.94999999999998,0.6364454302684375,1.8000199285422676,0.031434742394499324,0.0
hybrid_proposed,0.2,99,False,1.9588746860939026,0.01244521364379138,1.436136025682081,0.0,7.89999999999998,0.6496614500687521,1.7794280183149411,0.03256646416015064,0.0
hybrid_proposed,0.2,118,False,2.0576609416291913,0.012876301557927605,1.6832080377972292,0.0,7.94999999999998,0.6786687927032132,1.789796046507403,0.034773909421272856,0.0
hybrid_proposed,0.2,137,False,2.0689020123900685,0.011957480435445311,1.5318423417541813,0.0,7.94999999999998,0.6793533977580046,1.7915340949744425,0.032574553656050484,0.0
hybrid_proposed,0.2,156,False,1.5067424820872894,0.013187885706865823,1.2253393587271566,0.0,7.89999999999998,0.6157891092256281,1.776098637970227,0.03260464930112884,0.0
hybrid_proposed,0.2,175,False,2.644462951646138,0.007639742165078955,1.5968409513789377,0.0,7.94999999999998,0.7894477643393496,1.7768504428853242,0.030765901803918562,0.0
hybrid_proposed,0.2,194,False,2.153316024173013,0.014587624486050388,1.2577319795382602,0.0,7.89999999999998,0.6569760706706231,1.784666212087169,0.03326071237826678,0.0
hybrid_proposed,0.2,213,False,2.0405614071994127,0.012302490908018018,1.8984015504009573,0.0,7.94999999999998,0.6645693214875794,1.788036457184552,0.03454334579303242,0.0
hybrid_proposed,0.2,232,False,1.9275199092033906,0.011310760232294992,1.070741010389774,0.0,7.94999999999998,0.683170157038868,1.7863015344523003,0.03221371826605212,0.0
hybrid_proposed,0.2,251,False,2.5361621312852876,0.008683499002145887,1.0967431361331184,0.0,7.94999999999998,0.7898589403837685,1.8128231732353866,0.03224506367979663,0.0
hybrid_proposed,0.2,270,False,1.2901464514251026,0.010557129788250724,1.8420967405300839,0.0,7.94999999999998,0.6001652640835833,1.7764305243970833,0.031354898478204773,0.0
hybrid_proposed,0.2,289,False,2.136867690827123,0.011338783994896729,1.4337340865705366,0.0,7.89999999999998,0.7211853348185109,1.7821352644001391,0.03190578216628251,0.0
hybrid_proposed,0.2,308,False,1.4407172817852165,0.00929825255622823,1.213185199173687,0.0,7.94999999999998,0.5849336670805089,1.7941679634960408,0.03274417946345013,0.0
hybrid_proposed,0.2,327,False,2.3285571515316823,0.012305401842287072,1.1799464482487727,0.0,7.89999999999998,0.6651300794182168,1.775391873125843,0.03223417195199269,0.0
hybrid_proposed,0.2,346,False,2.1644853503717356,0.012040749111201487,1.449317228033043,0.0,7.94999999999998,0.7200091006292014,1.8031704938075124,0.03295718037130974,0.0
hybrid_proposed,0.2,365,False,1.5201450309143143,0.010006499134555357,1.6145797441292395,0.0,7.89999999999998,0.5936649817363715,1.7801611178111698,0.032478228571915416,0.0
hybrid_proposed,0.2,384,False,1.9764813175056684,0.014793082059309194,1.5804775462022598,0.0,7.94999999999998,0.6963813212334037,1.8129977437993154,0.034520696294127004,0.0
hybrid_proposed,0.2,403,False,2.37185001165427,0.011536255974752885,1.9464895943567864,0.0,7.89999999999998,0.7869620373577455,1.7787108465575352,0.03322642656285123,0.0
hybrid_proposed,0.3,42,False,1.886631335691647,0.018801343351984842,1.7406471750306907,0.0,7.99999999999998,0.6682479800928447,1.8066811205308273,0.03850858559857454,0.0
hybrid_proposed,0.3,61,False,2.7963760473336907,0.015840250006169253,1.3289611371473553,0.0,7.94999999999998,0.7826415240359954,1.7821410398463333,0.03758473775433067,0.0
hybrid_proposed,0.3,80,False,1.776356867540198,0.020503850596793473,1.3377924192212527,0.0,7.94999999999998,0.6417659702484871,1.8065958754872855,0.03877647595266741,0.0
hybrid_proposed,0.3,99,False,1.9588746860939026,0.01532255673409041,1.436136025682081,0.0,7.94999999999998,0.6584276534971213,1.8019276680736973,0.03765155645789043,0.0
hybrid_proposed,0.3,118,False,2.0576609416291913,0.019548551813782913,1.6830062987321512,0.0,7.94999999999998,0.6786789103015719,1.7808641522362396,0.03867831956995894,0.0
hybrid_proposed,0.3,137,False,2.0689020123900685,0.018065901819637815,1.5513511317196036,0.0,7.94999999999998,0.679114680104889,1.798852360565726,0.037912109258215074,0.0
hybrid_proposed,0.3,156,False,1.5067424820872894,0.018265222843415686,1.2253393587271566,0.0,7.94999999999998,0.6256971585466435,1.7748235908631864,0.040474907298691,0.0
hybrid_proposed,0.3,175,False,2.644462951646138,0.019304059305981787,1.5428655439036592,0.0,7.94999999999998,0.7949323218130561,1.7849204521282496,0.036254160090065296,0.0
hybrid_proposed,0.3,194,False,2.153316024173013,0.02021054347663294,1.2577319795382602,0.0,7.94999999999998,0.6569110228270169,1.7817918166670876,0.036779614515039985,0.0
hybrid_proposed,0.3,213,False,2.0405614071994127,0.02108488208305413,1.8944843258181232,0.0,7.94999999999998,0.6614639777371348,1.7871104165975595,0.04207578312641869,0.0
hybrid_proposed,0.3,232,False,1.9275199092033906,0.024267846873315162,1.1249044657169518,0.0,7.89999999999998,0.6920807829856904,1.772091513735677,0.03760574919040374,0.0
hybrid_proposed,0.3,251,False,2.5361621312852876,0.01766803475224668,1.0968866012017529,0.0,7.94999999999998,0.7867946192258788,1.7935882099589662,0.03979632616227311,0.0
hybrid_proposed,0.3,270,False,1.2901464514251026,0.01767149216377622,1.8533663230622488,0.0,7.94999999999998,0.6044501410661071,1.7827597608893908,0.03731575663954101,0.0
hybrid_proposed,0.3,289,False,2.136867690827123,0.018468446442232875,1.4337340865705366,0.0,7.89999999999998,0.7225474162668207,1.776511939213825,0.03667639545593182,0.0
hybrid_proposed,0.3,308,False,1.4407172817852165,0.020425997244462184,1.213185199173687,0.0,7.94999999999998,0.5931401316028022,1.799699444140985,0.04130880963346047,0.0
hybrid_proposed,0.3,327,False,2.3285571515316823,0.02096933076793872,1.1813093356731934,0.0,7.94999999999998,0.6699663532633904,1.793394287908162,0.03646959268371138,0.0
hybrid_proposed,0.3,346,False,2.1644853503717356,0.019308966822162963,1.44352617453672,0.0,7.94999999999998,0.7174173243055194,1.783134391104427,0.038119170322019634,0.0
hybrid_proposed,0.3,365,False,1.5201450309143143,0.021867404484999613,1.6145797441292395,0.0,7.94999999999998,0.6064823341673043,1.8043505608793777,0.039968856770049056,0.0
hybrid_proposed,0.3,384,False,1.9764813175056684,0.014493243430694592,1.5804775462022598,0.0,7.94999999999998,0.6934323304263103,1.7951295849809046,0.03733697872452518,0.0
hybrid_proposed,0.3,403,False,2.37185001165427,0.019350001251070358,1.8353717343509692,0.0,7.94999999999998,0.7948687395661405,1.7962030484040465,0.03875842627008082,0.0
hybrid_proposed,0.4,42,False,1.886631335691647,0.0347110707231242,1.7406471750306907,0.0,7.99999999999998,0.6762908953229956,1.8349856450883948,0.04653016217485555,0.0
hybrid_proposed,0.4,61,False,2.7963760473336907,0.026171203922299133,1.3306617514629557,0.0,7.89999999999998,0.7991499981549701,1.7902432553975292,0.045832236466643764,0.0
hybrid_proposed,0.4,80,False,1.776356867540198,0.029955503892327182,1.340322073663884,0.0,7.94999999999998,0.6469587276416057,1.8132049226558502,0.050640591417604824,0.0
hybrid_proposed,0.4,99,False,1.9588746860939026,0.040393438517136324,1.436136025682081,0.0,8.04999999999998,0.6696636575595392,1.833180913333254,0.04992459784025411,2.0
hybrid_proposed,0.4,118,False,2.0576609416291913,0.034114742829804486,1.6831319403337146,0.0,7.94999999999998,0.6904806865950369,1.795112895353922,0.049352092120120754,0.0
hybrid_proposed,0.4,137,False,2.0689020123900685,0.030268409809502177,1.516561447055603,0.0,7.99999999999998,0.7100006323144167,1.8755585769176628,0.05357471538367027,0.0
hybrid_proposed,0.4,156,False,1.5067424820872894,0.034497914997323166,1.2253393587271566,0.0,7.94999999999998,0.6381981383524838,1.8251077662759219,0.05482183381675831,2.0
hybrid_proposed,0.4,175,False,2.644462951646138,0.02668561640904199,1.5588191897594559,0.0,7.94999999999998,0.8029055722563064,1.797876181315438,0.043100631355016905,0.0
hybrid_proposed,0.4,194,False,2.153316024173013,0.0239009884209006,1.2577319795382602,0.0,7.94999999999998,0.6733656540017933,1.7993529677360847,0.04303579883849455,0.0
hybrid_proposed,0.4,213,False,2.0405614071994127,0.024859663839894644,1.9670057217182768,0.0,7.99999999999998,0.6816606727430246,1.8507853561156975,0.046929457995465974,0.0
hybrid_proposed,0.4,232,False,1.9275199092033906,0.031265676528858685,1.1729678893582578,0.0,7.99999999999998,0.7000055647097642,1.8150744714044016,0.04644594434294711,0.0
hybrid_proposed,0.4,251,False,2.5361621312852876,0.03220232327463505,1.1165977744139355,0.0,7.94999999999998,0.7956517561598996,1.7840188277707183,0.045991123219966186,0.0
hybrid_proposed,0.4,270,False,1.2901464514251026,0.03238862575127211,1.8548969608056207,0.0,8.04999999999998,0.6330791163511476,1.8763478884444782,0.04771626211858349,0.0
hybrid_proposed,0.4,289,False,2.136867690827123,0.02237444053511947,1.4337340865705366,0.0,7.94999999999998,0.7285565403709234,1.7781677949696495,0.04146288727509521,0.0
hybrid_proposed,0.4,308,False,1.4407172817852165,0.03623429188104396,1.213185199173687,0.0,8.14999999999998,0.6470554890008628,1.9424507251826222,0.05518626406543406,0.0
hybrid_proposed,0.4,327,False,2.3285571515316823,0.032923429951639,1.1814433798849933,0.0,7.99999999999998,0.6845767458264279,1.8292712146996715,0.05088714519366211,0.0
hybrid_proposed,0.4,346,False,2.1644853503717356,0.02885504487086283,1.3997384986091137,0.0,7.94999999999998,0.7308728774580658,1.8000209633564939,0.04648116807111424,0.0
hybrid_proposed,0.4,365,False,1.5201450309143143,0.03489731037926757,1.6145797441292395,0.0,8.04999999999998,0.6261731764235954,1.862721833345298,0.0527816057174154,0.0
hybrid_proposed,0.4,384,False,1.9764813175056684,0.04633180353388107,1.5804775462022598,0.0,7.94999999999998,0.7099061345024968,1.8126723965775708,0.058819529586283406,1.0
hybrid_proposed,0.4,403,False,2.37185001165427,0.029339889781068426,2.002280100003026,0.0,7.94999999999998,0.795803056457977,1.796902128515351,0.044336265115972905,0.0
hybrid_proposed,0.5,42,False,1.886631335691647,0.04585800812167782,1.7298238145932048,0.0,7.99999999999998,0.6897627841958257,1.8628077539465016,0.061349584306933894,0.0
hybrid_proposed,0.5,61,False,2.7963760473336907,0.045725454157027966,1.3288993336038832,0.0,7.94999999999998,0.7950818466709334,1.8066973008995342,0.06194732824116422,0.0
hybrid_proposed,0.5,80,False,1.776356867540198,0.03350693926126318,1.3457099860104151,0.0,8.04999999999998,0.6671741430201571,1.861143887816576,0.05311140349875749,0.0
hybrid_proposed,0.5,99,False,1.9588746860939026,0.08687914898101592,1.436136025682081,0.0,8.09999999999998,0.6850487413184775,1.8041730067229766,0.08933077732759699,5.0
hybrid_proposed,0.5,118,False,2.0576609416291913,0.07077267359697692,1.6834731157594114,0.0,8.04999999999998,0.7146717377187085,1.8445931711336498,0.06790652497938329,3.0
hybrid_proposed,0.5,137,False,2.0689020123900685,0.03686895059462378,1.569459075573619,0.0,7.94999999999998,0.6977255372536731,1.8021880627872071,0.052084847052202655,0.0
hybrid_proposed,0.5,156,False,1.5067424820872894,0.04150186770527354,1.2253393587271566,0.0,7.99999999999998,0.6397149582554477,1.8142664020778434,0.05962545764059251,0.0
hybrid_proposed,0.5,175,False,2.644462951646138,0.03713009330260617,1.5983365270108398,0.0,8.249999999999982,0.8608232979057117,1.956070384075449,0.0658366967413609,0.0
hybrid_proposed,0.5,194,False,2.153316024173013,0.036486486766540226,1.2577319795382602,0.0,7.94999999999998,0.6800720790870137,1.8178416974254394,0.05201659956786773,0.0
hybrid_proposed,0.5,213,False,2.0405614071994127,0.036932929107216114,1.953308890936551,0.0,7.99999999999998,0.6909287912842756,1.8334459447348115,0.05162676716287091,0.0
hybrid_proposed,0.5,232,False,1.9275199092033906,0.06443092819146339,1.2722655901271247,0.0,7.94999999999998,0.6998255155582631,1.788371995497903,0.06481627436340963,1.0
hybrid_proposed,0.5,251,False,2.5361621312852876,0.0405980604043839,1.1038428288940074,0.0,7.99999999999998,0.8033451106558511,1.8164824717141748,0.05588960132911034,0.0
hybrid_proposed,0.5,270,False,1.2901464514251026,0.04075578685000429,1.8552695391133613,0.0,7.94999999999998,0.6220744750608739,1.7878775721347477,0.05595733658584266,0.0
hybrid_proposed,0.5,289,False,2.136867690827123,0.03826385987495417,1.4337340865705366,0.0,7.94999999999998,0.7331849239105522,1.7950617205341937,0.05128104300666804,0.0
hybrid_proposed,0.5,308,False,1.4407172817852165,0.04250663330280962,1.213185199173687,0.0,7.99999999999998,0.6009557179964202,1.8102624250713444,0.05505596183474596,0.0
hybrid_proposed,0.5,327,False,2.3285571515316823,0.04396594374239446,1.1841523128592661,0.0,8.249999999999982,0.7229020635579403,1.9198912815236202,0.06730577761509254,4.0
hybrid_proposed,0.5,346,False,2.1644853503717356,0.04119146970643979,1.457978596349766,0.0,7.94999999999998,0.7370600048346937,1.7802514982126487,0.05916383436054789,4.0
hybrid_proposed,0.5,365,False,1.5201450309143143,0.043308267345115045,1.6145797441292395,0.0,7.94999999999998,0.6180686122298691,1.820523658631305,0.05629947548950717,0.0
hybrid_proposed,0.5,384,False,1.9764813175056684,0.046017077478904427,1.5804775462022598,0.0,7.94999999999998,0.7010219539862895,1.777595659905733,0.058752229987970396,0.0
hybrid_proposed,0.5,403,False,2.37185001165427,0.049768169758315585,1.8936681538298021,0.0,8.04999999999998,0.8190094297294025,1.8548353379557805,0.06263030379308535,0.0
hybrid_naive,0.0,42,True,1.886631335691647,0.0018517217032111143,1.7406471750306907,0.0,7.89999999999998,0.6485534538466727,1.775853804450216,0.027018613283620714,0.0
hybrid_naive,0.0,61,True,2.7963760473336907,0.0018513929760245896,1.3274549361708778,0.0,7.89999999999998,0.7677825325638016,1.7760401180376055,0.027014073125533358,0.0
hybrid_naive,0.0,80,True,1.776356867540198,0.001851223078335963,1.3416277343677387,0.0,7.89999999999998,0.6288916941476631,1.7753948978997411,0.027011298593199305,0.0
hybrid_naive,0.0,99,True,1.9588746860939026,0.0018522341900072958,1.436136025682081,0.0,7.89999999999998,0.6445502525284399,1.77530674994098,0.02702555874184779,0.0
hybrid_naive,0.0,118,True,2.0576609416291913,0.001851506889140572,1.6832080377972292,0.0,7.89999999999998,0.6722497526341665,1.7751711306147309,0.02701522011326299,0.0
hybrid_naive,0.0,137,True,2.0689020123900685,0.0018511604288721018,1.5472926147177934,0.0,7.89999999999998,0.6682219213981636,1.7761472567558976,0.027010780495696277,0.0
hybrid_naive,0.0,156,True,1.5067424820872894,0.0018519130479577994,1.2253393587271566,0.0,7.89999999999998,0.6124168369837723,1.77551488348886,0.027021090153699866,0.0
hybrid_naive,0.0,175,True,2.644462951646138,0.0018507570971798013,1.596659057438563,0.0,7.89999999999998,0.7875563456757056,1.7766523847147915,0.02700534489585303,0.0
hybrid_naive,0.0,194,True,2.153316024173013,0.0018523087272221865,1.2577319795382602,0.0,7.89999999999998,0.6529509633812313,1.775710059193998,0.027026791482686528,0.0
hybrid_naive,0.0,213,True,2.0405614071994127,0.0018521365682579879,1.951537469602317,0.0,7.89999999999998,0.653375197824866,1.7756057168319392,0.02702429394976071,0.0
hybrid_naive,0.0,232,True,1.9275199092033906,0.0018519367163550963,1.0709449955491437,0.0,7.89999999999998,0.6743495722491938,1.7748133626873925,0.027021058564611906,0.0
hybrid_naive,0.0,251,True,2.5361621312852876,0.0018510520683267073,1.0964018754518308,0.0,7.89999999999998,0.7780200121846081,1.7752010433698797,0.027008771382925543,0.0
hybrid_naive,0.0,270,True,1.2901464514251026,0.0018516561587617576,1.8533073485003746,0.0,7.89999999999998,0.5961207130586196,1.7751487991717143,0.027017292757024188,0.0
hybrid_naive,0.0,289,True,2.136867690827123,0.001852100172037752,1.4337340865705366,0.0,7.89999999999998,0.7166961008732557,1.776366759786307,0.027024128698895256,0.0
hybrid_naive,0.0,308,True,1.4407172817852165,0.0018518119137458273,1.213185199173687,0.0,7.89999999999998,0.5776243006757463,1.775539337230306,0.02701967380523722,0.0
hybrid_naive,0.0,327,True,2.3285571515316823,0.0018523980995447092,1.1809247277881698,0.0,7.89999999999998,0.6644187891883935,1.7752034385136863,0.027027785377001005,0.0
hybrid_naive,0.0,346,True,2.1644853503717356,0.0018514493913630483,1.4492857691863839,0.0,7.89999999999998,0.7088199542627802,1.775142495740934,0.0270143955648153,0.0
hybrid_naive,0.0,365,True,1.5201450309143143,0.0018515339459414973,1.6145797441292395,0.0,7.89999999999998,0.589583214536448,1.775853756515405,0.027015920119960114,0.0
hybrid_naive,0.0,384,True,1.9764813175056684,0.0018514404007299074,1.5804775462022598,0.0,7.89999999999998,0.6842114666971463,1.7758367251252156,0.02701467359509148,0.0
hybrid_naive,0.0,403,True,2.37185001165427,0.0018522642811588425,1.9516885727107733,0.0,7.89999999999998,0.7826293796226355,1.776410740127767,0.02702645227541034,0.0
hybrid_naive,0.05,42,True,1.886631335691647,0.002733146881653672,1.7406471750306907,0.0,7.89999999999998,0.6533718034996456,1.7762785565313055,0.027618585809840772,4.0
hybrid_naive,0.05,61,True,2.7963760473336907,0.005360855945965894,1.3274549361708778,0.0,7.89999999999998,0.7693120435219611,1.7768575148285302,0.03165534174271891,8.0
hybrid_naive,0.05,80,True,1.776356867540198,0.004196656399196051,1.3418849473759749,0.0,7.89999999999998,0.6299153567207767,1.7755165157150794,0.028226437269284,10.0
hybrid_naive,0.05,99,True,1.9588746860939026,0.0025732805951511413,1.436136025682081,0.0,7.89999999999998,0.6445531184140108,1.7736363348366337,0.0277391241750517,6.0
hybrid_naive,0.05,118,True,2.0576609416291913,0.00967841555026575,1.6834220777890139,0.0,7.89999999999998,0.6729067520754266,1.7758759813371474,0.027957032992515788,6.0
hybrid_naive,0.05,137,True,2.0689020123900685,0.0024628311336967333,1.5469216321794832,0.0,7.89999999999998,0.6687332887269625,1.776244555482545,0.027144928633639095,8.0
hybrid_naive,0.05,156,True,1.5067424820872894,0.005306617918926457,1.2253393587271566,0.0,7.89999999999998,0.6132738151202841,1.7753234512180105,0.028121355166924926,10.0
hybrid_naive,0.05,175,True,2.644462951646138,0.005397888322119695,1.581239166244551,0.0,7.89999999999998,0.7885954617867404,1.7751419490749176,0.027653036688975688,10.0
hybrid_naive,0.05,194,True,2.153316024173013,0.003513096419607387,1.2577319795382602,0.0,7.89999999999998,0.6547543027645992,1.7829973417257932,0.02831479595217816,10.0
hybrid_naive,0.05,213,True,2.0405614071994127,0.004438514988832556,1.954638690811167,0.0,7.94999999999998,0.6546226512602354,1.7780088153990392,0.028177951428934464,8.0
hybrid_naive,0.05,232,True,1.9275199092033906,0.003692124232991363,1.0708110953792478,0.0,7.89999999999998,0.6745548185935258,1.774151630878285,0.027885700932042023,2.0
hybrid_naive,0.05,251,True,2.5361621312852876,0.0045266603919044135,1.0963674590058203,0.0,7.89999999999998,0.7800124179573177,1.7754036010130303,0.029639202658310125,8.0
hybrid_naive,0.05,270,True,1.2901464514251026,0.005208137092315332,1.8533073485003746,0.0,7.89999999999998,0.5983925575498983,1.779116251409788,0.0297751479329024,12.0
hybrid_naive,0.05,289,True,2.136867690827123,0.006229380910135468,1.4337340865705366,0.0,7.94999999999998,0.7195987008597797,1.785275329705429,0.02876136314752115,14.0
hybrid_naive,0.05,308,True,1.4407172817852165,0.00437421590054451,1.213185199173687,0.0,7.89999999999998,0.5811850341471091,1.7751516996746315,0.0324334143766735,8.0
hybrid_naive,0.05,327,True,2.3285571515316823,0.004727967458509335,1.1809247277881698,0.0,7.89999999999998,0.6653225880822179,1.7786300234202488,0.027995023689149724,6.0
hybrid_naive,0.05,346,True,2.1644853503717356,0.005942315524915756,1.449348134194751,0.0,7.89999999999998,0.7089541602535957,1.773302755412007,0.027797360058435125,6.0
hybrid_naive,0.05,365,True,1.5201450309143143,0.005007694976212337,1.6145797441292395,0.0,7.94999999999998,0.5962945674378398,1.7986027085517617,0.030291476166358057,8.0
hybrid_naive,0.05,384,True,1.9764813175056684,0.004302625058159298,1.5804775462022598,0.0,7.89999999999998,0.6854731695359495,1.7771770772185922,0.028796423529392448,10.0
hybrid_naive,0.05,403,True,2.37185001165427,0.0025562413638766145,1.9512104181285064,0.0,7.94999999999998,0.7836596667614083,1.777573987239355,0.028009878005321637,6.0
hybrid_naive,0.1,42,True,1.886631335691647,0.007266806151331008,1.7406471750306907,0.0,7.89999999999998,0.6508088839536941,1.7762750986237748,0.03014610553227204,22.0
hybrid_naive,0.1,61,True,2.7963760473336907,0.009132700165705256,1.3281649037974728,0.0,7.94999999999998,0.7713139519903114,1.7804704533473066,0.033197264856212744,18.0
hybrid_naive,0.1,80,True,1.776356867540198,0.00451021417000887,1.3414694282935804,0.0,7.89999999999998,0.6306398508438594,1.7773926066643926,0.02823211945485634,13.0
hybrid_naive,0.1,99,True,1.9588746860939026,0.010450459029116722,1.436136025682081,0.0,7.89999999999998,0.647383571721327,1.7728687510459966,0.03418732062658904,32.0
hybrid_naive,0.1,118,True,2.0576609416291913,0.004305874003748624,1.6832655918799306,0.0,7.94999999999998,0.6758494034660579,1.7885915967819823,0.02839525838032062,19.0
hybrid_naive,0.1,137,True,2.0689020123900685,0.008140611297116258,1.5480097990258335,0.0,7.94999999999998,0.6772901782011294,1.807916467135025,0.031653323195873,28.0
hybrid_naive,0.1,156,True,1.5067424820872894,0.009219748976427623,1.2253393587271566,0.0,7.99999999999998,0.6173940333740828,1.7760909631865789,0.03572186615383879,30.0
hybrid_naive,0.1,175,True,2.644462951646138,0.009696278419639808,1.598970683948348,0.0,7.94999999999998,0.790453928989605,1.7750060208859453,0.03192938741818535,30.0
hybrid_naive,0.1,194,True,2.153316024173013,0.007576985245603126,1.2577319795382602,0.0,7.89999999999998,0.6519548410627221,1.7658222046895062,0.02902745674823887,18.0
hybrid_naive,0.1,213,True,2.0405614071994127,0.006873735015671718,1.94844861576282,0.0,7.89999999999998,0.6544037575499416,1.7750924820636833,0.028666108327829988,19.0
hybrid_naive,0.1,232,True,1.9275199092033906,0.009139211320579429,1.0266434590394586,0.0,7.89999999999998,0.6790418925674003,1.7737551746485278,0.030956947924173868,26.0
hybrid_naive,0.1,251,True,2.5361621312852876,0.013819723293552836,1.1022568683004004,0.0,7.89999999999998,0.782714428438712,1.7740595888978072,0.03538157509673569,34.0
hybrid_naive,0.1,270,True,1.2901464514251026,0.011706299220303603,1.853333670284134,0.0,7.94999999999998,0.6010036957816084,1.787013999924709,0.03143717067362014,18.0
hybrid_naive,0.1,289,True,2.136867690827123,0.00764404977369349,1.4337340865705366,0.0,7.94999999999998,0.7211361546082883,1.776357336242695,0.035776027492216415,26.0
hybrid_naive,0.1,308,True,1.4407172817852165,0.011952188762019166,1.213185199173687,0.0,7.89999999999998,0.5816117026831511,1.781016159244696,0.03171457758443678,24.0
hybrid_naive,0.1,327,True,2.3285571515316823,0.0063031808395075505,1.1812096469284366,0.0,7.94999999999998,0.6692366989882456,1.7879526144098294,0.033309737063536314,24.0
hybrid_naive,0.1,346,True,2.1644853503717356,0.008329875334586683,1.449348134194751,0.0,7.89999999999998,0.7122791751033455,1.77486646332001,0.02837971335180609,14.0
hybrid_naive,0.1,365,True,1.5201450309143143,0.00534952834287272,1.6145797441292395,0.0,7.94999999999998,0.593937878187116,1.7777516775542819,0.031500086290972146,24.0
hybrid_naive,0.1,384,True,1.9764813175056684,0.009134990347086853,1.5804775462022598,0.0,7.94999999999998,0.6873480872882465,1.7762595390162716,0.03400303157970361,34.0
hybrid_naive,0.1,403,True,2.37185001165427,0.007820525109877498,1.9148123941155437,0.0,7.89999999999998,0.7846827513456869,1.7742079509106747,0.03209799527400193,32.0
hybrid_naive,0.2,42,True,1.886631335691647,0.015809767453156466,1.7406471750306907,0.0,7.94999999999998,0.6604860157857279,1.787174770963253,0.036837434281612035,78.0
hybrid_naive,0.2,61,True,2.7963760473336907,0.018677864993690816,1.3283724555230851,0.0,7.99999999999998,0.7809256956011891,1.807497323077642,0.042445113931471365,89.0
hybrid_naive,0.2,80,True,1.776356867540198,0.019189633091516375,1.3086025315539722,0.0,7.99999999999998,0.6423090481081147,1.8006577441916607,0.04010342172817646,88.0
hybrid_naive,0.2,99,True,1.9588746860939026,0.019381740992785827,1.436136025682081,0.0,7.94999999999998,0.6538971081189753,1.783149845909943,0.03749557583199642,90.0
hybrid_naive,0.2,118,True,2.0576609416291913,0.020580585882056697,1.6832080377972292,0.0,7.99999999999998,0.6852814623996478,1.7867097810920873,0.04781645557019199,110.0
hybrid_naive,0.2,137,True,2.0689020123900685,0.018418294391230078,1.5318423417541813,0.0,7.94999999999998,0.6870773260860895,1.7984270441909092,0.04010872861512946,101.0
hybrid_naive,0.2,156,True,1.5067424820872894,0.02329027644283599,1.2253393587271566,0.0,7.94999999999998,0.6188078952715667,1.7759330282324408,0.042431202872230254,86.0
hybrid_naive,0.2,175,True,2.644462951646138,0.010689834480812697,1.5968409513789377,0.0,7.99999999999998,0.7965611032344995,1.77793282241335,0.039583330334940645,82.0
hybrid_naive,0.2,194,True,2.153316024173013,0.02339068472632349,1.2577319795382602,0.0,7.94999999999998,0.6595478408866412,1.7850697996112563,0.040581507674945165,110.0
hybrid_naive,0.2,213,True,2.0405614071994127,0.02100322926802042,2.001491801372884,0.0,7.99999999999998,0.6661318983279043,1.7689501042772056,0.04525076095977809,84.0
hybrid_naive,0.2,232,True,1.9275199092033906,0.016949259470556716,1.070741010389774,0.0,7.99999999999998,0.6931707138668831,1.7923050249545136,0.042296258703397385,97.0
hybrid_naive,0.2,251,True,2.5361621312852876,0.013975246071769433,1.0967431361331184,0.0,7.94999999999998,0.7887240389388049,1.7936070970731448,0.038812997312676414,84.0
hybrid_naive,0.2,270,True,1.2901464514251026,0.016544479336844706,1.846899127433219,0.0,7.99999999999998,0.605762592776803,1.7750087843585884,0.03995038030796629,84.0
hybrid_naive,0.2,289,True,2.136867690827123,0.018344863392060737,1.4337340865705366,0.0,7.94999999999998,0.7236050920884288,1.7822397217848094,0.0406012617778926,86.0
hybrid_naive,0.2,308,True,1.4407172817852165,0.014115175062324011,1.213185199173687,0.0,7.94999999999998,0.584166159157484,1.792009519382194,0.03774865974845289,86.0
hybrid_naive,0.2,327,True,2.3285571515316823,0.021820388809343796,1.172568031079022,0.0,7.94999999999998,0.6713347632456331,1.7778562597067133,0.039028623727832924,92.0
hybrid_naive,0.2,346,True,2.1644853503717356,0.01989038807297591,1.449308804626254,0.0,7.99999999999998,0.7220419810058732,1.7838960604109997,0.040458027067674054,100.0
hybrid_naive,0.2,365,True,1.5201450309143143,0.016419414253610574,1.6145797441292395,0.0,7.94999999999998,0.5967983847990286,1.7706016866444125,0.04278833495220528,102.0
hybrid_naive,0.2,384,True,1.9764813175056684,0.026782859225519238,1.5804775462022598,0.0,7.99999999999998,0.702546898119944,1.8068054173589996,0.043784718817098306,86.0
hybrid_naive,0.2,403,True,2.37185001165427,0.01879595786631436,1.9439719794118344,0.0,7.99999999999998,0.7979712480121807,1.7848951745368127,0.04608431381406283,106.0
hybrid_naive,0.3,42,True,1.886631335691647,0.030035082647598747,1.7406471750306907,0.0,8.14999999999998,0.6707966965890579,1.7780492119528566,0.05695011192355172,201.0
hybrid_naive,0.3,61,True,2.7963760473336907,0.02688502184653317,1.3297340892317877,0.0,8.04999999999998,0.7928933340592034,1.7784596833583415,0.05535401509250102,202.0
hybrid_naive,0.3,80,True,1.776356867540198,0.030090715271170222,1.3622727887636752,0.0,7.94999999999998,0.6422252093819414,1.77377537152675,0.05231898818215708,187.0
hybrid_naive,0.3,99,True,1.9588746860939026,0.025642915531854226,1.436136025682081,0.0,7.99999999999998,0.6652284664756655,1.782128615596684,0.051096779626223277,166.0
hybrid_naive,0.3,118,True,2.0576609416291913,0.03297766964346244,1.6830062987321512,0.0,8.04999999999998,0.6888009410165644,1.7641742322090965,0.05816048112001193,187.0
hybrid_naive,0.3,137,True,2.0689020123900685,0.0305459652447174,1.5478685943491437,0.0,8.09999999999998,0.6894389407662957,1.7897366710114215,0.057625520981734145,181.0
hybrid_naive,0.3,156,True,1.5067424820872894,0.03543887654356981,1.2253393587271566,0.0,8.04999999999998,0.6338415537668886,1.759284219024794,0.061840597887967606,174.0
hybrid_naive,0.3,175,True,2.644462951646138,0.03473158386031457,1.5381391527710213,0.0,8.09999999999998,0.8063968036328746,1.7702209001410625,0.05234364554542543,203.0
hybrid_naive,0.3,194,True,2.153316024173013,0.032978359947599026,1.2577319795382602,0.0,8.04999999999998,0.6664977173210581,1.7773151031157177,0.050359247217291916,172.0
hybrid_naive,0.3,213,True,2.0405614071994127,0.04021477382848734,1.8759233345208959,0.0,7.99999999999998,0.6735922893748092,1.7860964052032393,0.06491135430527484,198.0
hybrid_naive,0.3,232,True,1.9275199092033906,0.037453425179869444,1.1039355021657167,0.0,7.94999999999998,0.6934014762627008,1.7686628331700112,0.04582608014805443,207.0
hybrid_naive,0.3,251,True,2.5361621312852876,0.028626740728550492,1.1056787622417887,0.0,7.99999999999998,0.787375395258029,1.7623343478012807,0.05131743965115676,166.0
hybrid_naive,0.3,270,True,1.2901464514251026,0.029319799835483478,1.8533663230622488,0.0,8.04999999999998,0.6174991071210179,1.7929810232597476,0.049775187937468074,174.0
hybrid_naive,0.3,289,True,2.136867690827123,0.02914245190929475,1.4337340865705366,0.0,7.99999999999998,0.7340231982572208,1.7783129203775452,0.05118656099124126,200.0
hybrid_naive,0.3,308,True,1.4407172817852165,0.03552241149642695,1.213185199173687,0.0,7.99999999999998,0.6015500690338932,1.7814884106638085,0.06262373646199983,193.0
hybrid_naive,0.3,327,True,2.3285571515316823,0.0297974635703582,1.1813093356731934,0.0,8.09999999999998,0.6775063957522973,1.7920099210489926,0.053778979176440145,170.0
hybrid_naive,0.3,346,True,2.1644853503717356,0.03316152740635719,1.444788760534816,0.0,8.14999999999998,0.7315257910710266,1.788456191476448,0.05662390692066466,184.0
hybrid_naive,0.3,365,True,1.5201450309143143,0.033197354250372096,1.6145797441292395,0.0,8.04999999999998,0.6177667300767266,1.8153224827419259,0.06016867659505209,198.0
hybrid_naive,0.3,384,True,1.9764813175056684,0.022768663333547715,1.5804775462022598,0.0,8.04999999999998,0.6998913991358345,1.7653307827555218,0.05400243216828498,179.0
hybrid_naive,0.3,403,True,2.37185001165427,0.03335506958318103,1.7785403240621922,0.0,7.94999999999998,0.8023444695240862,1.7836096944449835,0.052317400534736117,201.0
hybrid_naive,0.4,42,True,1.886631335691647,0.05802979334269842,1.7406471750306907,0.0,8.249999999999982,0.6921201290944113,1.8280971122259075,0.07225775347141862,276.0
hybrid_naive,0.4,61,True,2.7963760473336907,0.042263893786835476,1.3102564800326957,0.0,8.04999999999998,0.8014116859476823,1.78712279356721,0.06230719709311034,285.0
hybrid_naive,0.4,80,True,1.776356867540198,0.05475687408356099,1.337655976355777,0.0,7.99999999999998,0.6588892961792155,1.804950437986998,0.0735844911596271,264.0
hybrid_naive,0.4,99,True,1.9588746860939026,0.05835815287041771,1.436136025682081,0.0,7.99999999999998,0.6713658608350223,1.7896787782066759,0.0650000129167509,265.0
hybrid_naive,0.4,118,True,2.0576609416291913,0.060212603879947604,1.6831319403337146,0.0,8.04999999999998,0.7038886554871921,1.79671437851316,0.07437311566399882,257.0
hybrid_naive,0.4,137,True,2.0689020123900685,0.04761221654994305,1.5563351912663066,0.0,8.14999999999998,0.7073070892837471,1.8358962383012498,0.07986582760910543,271.0
hybrid_naive,0.4,156,True,1.5067424820872894,0.054910081315549995,1.2253393587271566,0.0,8.09999999999998,0.6476243295968468,1.7940054875190805,0.06983813215394306,277.0
hybrid_naive,0.4,175,True,2.644462951646138,0.04950594387253235,1.4758248073264302,0.0,8.04999999999998,0.8134483246733865,1.7903031087216954,0.06540958068176916,273.0
hybrid_naive,0.4,194,True,2.153316024173013,0.04048583112560655,1.2577319795382602,0.0,8.04999999999998,0.6721410346758941,1.7691171949216613,0.0628212766691867,292.0
hybrid_naive,0.4,213,True,2.0405614071994127,0.041368797604811686,1.8967802693171196,0.0,8.09999999999998,0.6928661730629276,1.8198821877718234,0.07036159536287208,283.0
hybrid_naive,0.4,232,True,1.9275199092033906,0.05250999384054332,1.0797689913393684,0.0,8.09999999999998,0.7199453047363271,1.8279212160789842,0.07249213830066822,281.0
hybrid_naive,0.4,251,True,2.5361621312852876,0.05354707033031558,1.1831734807143603,0.0,8.249999999999982,0.8214173696241134,1.7950479066386935,0.07696265139747348,293.0
hybrid_naive,0.4,270,True,1.2901464514251026,0.057745201333581665,1.8449742098823065,0.0,8.14999999999998,0.6330775748170647,1.8236238777851168,0.0677668383568668,281.0
hybrid_naive,0.4,289,True,2.136867690827123,0.03560450400834409,1.4337340865705366,0.0,8.14999999999998,0.7487802548614233,1.7869899539754477,0.06519024191005085,250.0
hybrid_naive,0.4,308,True,1.4407172817852165,0.06473308209088952,1.213185199173687,0.0,8.14999999999998,0.6208146124951981,1.8222670623417185,0.07917285325212632,291.0
hybrid_naive,0.4,327,True,2.3285571515316823,0.05555165517555895,1.1816809393793701,0.0,7.99999999999998,0.6921583761986906,1.8046248081845173,0.0676912916927947,262.0
hybrid_naive,0.4,346,True,2.1644853503717356,0.04547648583802052,1.4488832146362038,0.0,8.09999999999998,0.7455407276196766,1.7787388561887116,0.0685619827241054,274.0
hybrid_naive,0.4,365,True,1.5201450309143143,0.057313968661372304,1.6145797441292395,0.0,7.99999999999998,0.6147767173894398,1.7490463939508893,0.07455940472575753,290.0
hybrid_naive,0.4,384,True,1.9764813175056684,0.06341109489956688,1.5804775462022598,0.0,8.09999999999998,0.724149315600683,1.790539631157882,0.09515166446069331,285.0
hybrid_naive,0.4,403,True,2.37185001165427,0.055703649142374224,1.9716065351342906,0.0,8.09999999999998,0.8107009865484459,1.7788818352052713,0.06596017585545963,280.0
hybrid_naive,0.5,42,True,1.886631335691647,0.06997090894201195,1.7356370268184587,0.0,8.04999999999998,0.6900606262380883,1.7917563244481236,0.0822171891408341,381.0
hybrid_naive,0.5,61,True,2.7963760473336907,0.0782549315224935,1.3719543010173916,0.0,8.09999999999998,0.8232919677254789,1.7975065628591809,0.09189309532196421,357.0
hybrid_naive,0.5,80,True,1.776356867540198,0.060956983915254205,1.4467272950846555,0.0,8.249999999999982,0.6859166312411127,1.8279102610654652,0.08380034333951918,366.0
hybrid_naive,0.5,99,True,1.9588746860939026,0.10496642542478243,1.436136025682081,0.0,8.14999999999998,0.6937413651954342,1.7753126505962302,0.10535647904842974,352.0
hybrid_naive,0.5,118,True,2.0576609416291913,0.08726932838587842,1.6834731157594114,0.0,8.14999999999998,0.7204198892343142,1.790770794380181,0.08714723370712756,373.0
hybrid_naive,0.5,137,True,2.0689020123900685,0.07068885567219312,1.5735042294232098,0.0,8.199999999999982,0.7118745619224195,1.7970543290416294,0.08186729251978764,356.0
hybrid_naive,0.5,156,True,1.5067424820872894,0.07713387117094521,1.2253393587271566,0.0,8.09999999999998,0.6636160875037317,1.813875770119654,0.08928431716762843,350.0
hybrid_naive,0.5,175,True,2.644462951646138,0.06786162285934393,1.5132484469731,0.0,8.199999999999982,0.8444074781949595,1.7928613948003223,0.09387354380416169,385.0
hybrid_naive,0.5,194,True,2.153316024173013,0.06529551340329065,1.2577319795382602,0.0,8.09999999999998,0.6900838239619357,1.793125426406917,0.07782149251067004,384.0
hybrid_naive,0.5,213,True,2.0405614071994127,0.06159340351323987,1.839534006891566,0.0,8.14999999999998,0.7037541951073994,1.7999250664144788,0.08523645650672874,364.0
hybrid_naive,0.5,232,True,1.9275199092033906,0.09498405775873628,1.224989609130963,0.0,8.14999999999998,0.7289252027937735,1.8047134130099087,0.09418178585119473,364.0
hybrid_naive,0.5,251,True,2.5361621312852876,0.06512447650340727,1.139896926762862,0.0,8.14999999999998,0.8278862621746507,1.8024563562893285,0.09013630398698512,323.0
hybrid_naive,0.5,270,True,1.2901464514251026,0.07553988063915375,1.8629832896956406,0.0,8.199999999999982,0.6435280368575692,1.7687102887221864,0.08804733875410876,345.0
hybrid_naive,0.5,289,True,2.136867690827123,0.06733011315122102,1.4337340865705366,0.0,8.04999999999998,0.7492119016988684,1.7991599935879106,0.06872556973488386,347.0
hybrid_naive,0.5,308,True,1.4407172817852165,0.06682970290097735,1.213185199173687,0.0,8.199999999999982,0.6216136219375962,1.800938951585417,0.08215885422489318,345.0
hybrid_naive,0.5,327,True,2.3285571515316823,0.0771467443712352,1.1711771698075077,0.0,8.09999999999998,0.6999956568194456,1.7814929961492378,0.08611198506735163,371.0
hybrid_naive,0.5,346,True,2.1644853503717356,0.063684489926909,1.457978596349766,0.0,8.14999999999998,0.7630383159309558,1.7946588397898293,0.08057804569706777,362.0
hybrid_naive,0.5,365,True,1.5201450309143143,0.07368549292579389,1.6145797441292395,0.0,8.299999999999983,0.6420094738957769,1.7940159731273233,0.09641595772448382,371.0
hybrid_naive,0.5,384,True,1.9764813175056684,0.07415412983944443,1.5804775462022598,0.0,8.04999999999998,0.717925770231562,1.7515443759123335,0.08480799813075349,352.0
hybrid_naive,0.5,403,True,2.37185001165427,0.08819512390749716,1.9826150857687304,0.0,8.299999999999983,0.8450729814031879,1.8328070915682995,0.10215629221988204,379.0
