baseline,outage_duration,use_burst_loss,num_drones,seed,final_error,mean_error,transient_error,steady_error,min_dist,switches,fallback_entries,time_in_fallback,recovery_time
centralized_hold,0.0,False,5,42,0.04276197264166946,0.499500298216717,1.1768475061007153,0.07811699952535361,1.6323336840115292,0.0,0.0,0.0,0.0
centralized_hold,0.0,False,5,59,0.04266498615496914,0.6069015640857446,1.1669596508009064,0.07756608254465147,0.9607698306463166,0.0,0.0,0.0,0.0
centralized_hold,0.0,False,5,76,0.042657305077090785,0.60150919208037,1.1777402742922565,0.07847102817236207,1.2102311682209081,0.0,0.0,0.0,0.0
centralized_hold,0.0,False,5,93,0.042713330795833906,0.5180281911382321,1.170243970562116,0.07728017812754193,1.8150839360791073,0.0,0.0,0.0,0.0
centralized_hold,0.0,False,5,110,0.042709488290859854,0.5371875826782563,1.1694692907682758,0.07755438665000763,1.2418847619515794,0.0,0.0,0.0,0.0
centralized_hold,0.0,False,5,127,0.04270858565939705,0.5508677513332555,1.1679684909020802,0.07717265980189073,1.1736545077339835,0.0,0.0,0.0,0.0
centralized_hold,0.0,False,5,144,0.042685578297487314,0.5905371007109098,1.178328062628732,0.07790718114512014,1.237272346684194,0.0,0.0,0.0,0.0
centralized_hold,0.0,False,5,161,0.04272645154192726,0.5046304984939438,1.1698770283462692,0.07734564985487459,1.2788278883935653,0.0,0.0,0.0,0.0
centralized_hold,0.0,False,5,178,0.042660050732948374,0.5371343332048322,1.1779879639925819,0.07832438230595651,1.9215041603068226,0.0,0.0,0.0,0.0
centralized_hold,0.0,False,5,195,0.042778869476594324,0.47897590374033283,1.1758374444424522,0.07833857991721337,1.320053368408147,0.0,0.0,0.0,0.0
centralized_hold,0.0,False,5,212,0.04273696471797905,0.39599382439983805,1.1695598753654337,0.07749872909741867,1.478852772525867,0.0,0.0,0.0,0.0
centralized_hold,0.0,False,5,229,0.042697109000162915,0.5588898644212233,1.1686670912303123,0.07876939465084927,1.9602118155577681,0.0,0.0,0.0,0.0
centralized_hold,0.0,False,5,246,0.04270588229116795,0.5354743123712792,1.1706291522327006,0.07734583684042874,1.3447112130581031,0.0,0.0,0.0,0.0
centralized_hold,0.0,False,5,263,0.042713070892868174,0.5528083363575266,1.1679191800468751,0.07701948401030803,1.2094515921796785,0.0,0.0,0.0,0.0
centralized_hold,0.0,False,5,280,0.042692986936291,0.5450471797419776,1.1703958612310454,0.0772189837968525,1.382631949684854,0.0,0.0,0.0,0.0
centralized_hold,0.0,False,5,297,0.04272492457981254,0.6377757269818629,1.169602488322935,0.07780944279872512,1.3653548034941505,0.0,0.0,0.0,0.0
centralized_hold,0.0,False,5,314,0.0427022000883706,0.4652254234564591,1.1703441486800525,0.07755044337167552,1.2031917341673672,0.0,0.0,0.0,0.0
centralized_hold,0.0,False,5,331,0.04274082686493545,0.5241279519085218,1.1693868860551324,0.07711656953898505,1.1348816150606367,0.0,0.0,0.0,0.0
centralized_hold,0.0,False,5,348,0.042710906824110544,0.5783458475736261,1.1776881836507584,0.07807170685742099,1.6729685598442845,0.0,0.0,0.0,0.0
centralized_hold,0.0,False,5,365,0.04269974321688333,0.4477739151061925,1.1693794375786155,0.07687450002132365,1.65239602681113,0.0,0.0,0.0,0.0
decentralized,0.0,False,5,42,0.41773623587229286,0.9349798170175524,1.3116864530069807,0.5709823144729418,1.6320682064814878,0.0,0.0,12.0,0.0
decentralized,0.0,False,5,59,0.4170207994994455,1.0539193443058879,1.2404806798995596,0.6066278736168634,1.1914983285239544,0.0,0.0,12.0,0.0
decentralized,0.0,False,5,76,0.4559568641257387,1.036558733452573,1.255748862512484,0.5605326109289879,1.2041857986925646,0.0,0.0,12.0,0.0
decentralized,0.0,False,5,93,0.43246989343243614,0.8962463290639328,1.3509564063681927,0.5170261342297238,1.810521495537645,0.0,0.0,12.0,0.0
decentralized,0.0,False,5,110,0.4274668638870958,0.991995531080456,1.2480531767354994,0.5959774964685192,1.3096485563332472,0.0,0.0,12.0,0.0
decentralized,0.0,False,5,127,0.4162160706895301,0.9840115742355582,1.208228215329258,0.6003573860870862,1.3991846068821792,0.0,0.0,12.0,0.0
decentralized,0.0,False,5,144,0.4214772384802314,1.0133141760358384,1.2964361827584725,0.5791304992247759,1.2390535669585312,0.0,0.0,12.0,0.0
decentralized,0.0,False,5,161,0.4350326291575917,0.9116005731812573,1.3045397521580788,0.5376710652037552,1.2969702162709906,0.0,0.0,12.0,0.0
decentralized,0.0,False,5,178,0.41299643474017156,0.9466327108805337,1.2201016513200438,0.5970342317847862,1.9066812715186516,0.0,0.0,12.0,0.0
decentralized,0.0,False,5,195,0.40862842334289873,0.9150003002530177,1.2287691372098712,0.5930798019265362,1.3201894691762397,0.0,0.0,12.0,0.0
decentralized,0.0,False,5,212,0.41005462469032783,0.8234995295781914,1.2755361368639497,0.5656582938434328,1.4832328987989745,0.0,0.0,12.0,0.0
decentralized,0.0,False,5,229,0.4407917534989169,0.9595396001015154,1.2428795870427647,0.5471785954476083,1.9114467475906738,0.0,0.0,12.0,0.0
decentralized,0.0,False,5,246,0.42702074478085567,0.9077352307362053,1.3990238850569658,0.5207139427037271,1.346199519121996,0.0,0.0,12.0,0.0
decentralized,0.0,False,5,263,0.4060835398032742,0.9680937043113194,1.2009597150752047,0.6035246964972363,1.4839001073624547,0.0,0.0,12.0,0.0
decentralized,0.0,False,5,280,0.427596957112907,0.9464766366067564,1.38340819746157,0.531780963268057,1.3931115463779353,0.0,0.0,12.0,0.0
decentralized,0.0,False,5,297,0.4553559321840664,1.096309298363864,1.249882329484653,0.5678513781366497,1.3657578548612095,0.0,0.0,12.0,0.0
decentralized,0.0,False,5,314,0.42963776895566297,0.8689482332817486,1.3175924595336637,0.554185765260662,1.2095045271016829,0.0,0.0,12.0,0.0
decentralized,0.0,False,5,331,0.4248225517212137,0.9378205718169293,1.262696541660951,0.5658939142850874,1.288864963863324,0.0,0.0,12.0,0.0
decentralized,0.0,False,5,348,0.4423733366932262,1.008579348078326,1.2140398686477631,0.5786868640311988,1.65602577922458,0.0,0.0,12.0,0.0
decentralized,0.0,False,5,365,0.4171073507842044,0.8631237976194374,1.2802224001912124,0.5516769956723301,1.6566897923513528,0.0,0.0,12.0,0.0
hybrid_naive,0.0,False,5,42,0.004812659062197227,0.5021219310258408,1.170921169768081,0.06064607196230508,1.6319681706470746,4.0,0.4,0.02,0.05000000000000071
hybrid_naive,0.0,False,5,59,0.005598128825086002,0.6129841669383747,1.1656033565542194,0.06554021864348078,1.028823224411901,6.0,0.6,0.04,0.06666666666666732
hybrid_naive,0.0,False,5,76,0.007811542918079361,0.603643865856513,1.174268985606893,0.0623779423820049,1.2616849875892961,12.0,1.2,0.06000000000000001,0.05000000000000041
hybrid_naive,0.0,False,5,93,0.0053158902524810805,0.5191973163634298,1.1643271866963538,0.058188575578579683,1.8155100768198738,4.0,0.4,0.02,0.04999999999999988
hybrid_naive,0.0,False,5,110,0.004227096879719844,0.5406340511024126,1.1651567576328634,0.05806122851621254,1.2778358997403794,4.0,0.4,0.02,0.04999999999999993
hybrid_naive,0.0,False,5,127,0.00404482593402838,0.5497915818490509,1.1653211921995192,0.05768875518574523,1.2490193714177955,2.0,0.2,0.01,0.04999999999999982
hybrid_naive,0.0,False,5,144,0.004726705178609687,0.585715693573968,1.174545510391095,0.059670464639813736,1.2385306542475185,6.0,0.6,0.030000000000000006,0.05000000000000012
hybrid_naive,0.0,False,5,161,0.006529491112524721,0.49770938454561225,1.1642841396929555,0.05912365519031222,1.2964674608419582,6.0,0.6,0.030000000000000006,0.05000000000000041
hybrid_naive,0.0,False,5,178,0.004364904333296311,0.5403510062524123,1.175162166873008,0.05939439499366025,1.9203881183602636,4.0,0.4,0.02,0.04999999999999982
hybrid_naive,0.0,False,5,195,0.0066341461090128504,0.4811913220895489,1.1716951348642723,0.05924601338677324,1.319682607015197,6.0,0.6,0.030000000000000006,0.05000000000000041
hybrid_naive,0.0,False,5,212,0.005671072563484173,0.39377425048718717,1.1632745673647975,0.05820750723870716,1.483033812735473,4.0,0.4,0.02,0.050000000000000266
hybrid_naive,0.0,False,5,229,0.005716998934921983,0.5576200463288685,1.1645567171569542,0.07218820960092122,1.9927829007874824,4.0,0.4,0.05,0.12500000000000178
hybrid_naive,0.0,False,5,246,0.007437069960002926,0.5329812804779421,1.1639096090350063,0.0582389636092097,1.3457895840295542,4.0,0.4,0.030000000000000006,0.07500000000000107
hybrid_naive,0.0,False,5,263,0.007482822944948607,0.5608259491276393,1.1672152238387072,0.05862920393949154,1.282478308497072,12.0,1.2,0.06000000000000001,0.05000000000000001
hybrid_naive,0.0,False,5,280,0.0051864269407000734,0.544253129004543,1.1638521002517281,0.061309614563667965,1.391278296571416,8.0,0.8,0.04,0.050000000000000266
hybrid_naive,0.0,False,5,297,0.004099641007576212,0.635846045727938,1.166610822874288,0.057837477511100834,1.3654276970447472,8.0,0.8,0.04,0.049999999999999864
hybrid_naive,0.0,False,5,314,0.005785227019022983,0.4595233716516398,1.1635365686471117,0.060636690033020545,1.2089448568736665,4.0,0.4,0.02,0.050000000000000266
hybrid_naive,0.0,False,5,331,0.004426479145918253,0.5255897344314723,1.1650315427228708,0.05746936103499467,1.1775952924095463,0.0,0.0,0.0,0.0
hybrid_naive,0.0,False,5,348,0.005892483230856932,0.5751976539572062,1.1746353347144338,0.059245426591513294,1.6739063250223596,4.0,0.4,0.02,0.050000000000000266
hybrid_naive,0.0,False,5,365,0.007989117420645614,0.4453802708661394,1.163404803323608,0.057720613599991887,1.6714390110216124,6.0,0.6,0.04,0.06666666666666703
hybrid_proposed,0.0,False,5,42,0.004574623395921376,0.5016207486950368,1.170921169768081,0.05890282907255203,1.6319681706470746,0.0,0.0,0.0,0.0
hybrid_proposed,0.0,False,5,59,0.004953251408473553,0.6107442448684456,1.1652865781640287,0.05844705253110614,1.028823224411901,0.0,0.0,0.0,0.0
hybrid_proposed,0.0,False,5,76,0.005780824284528252,0.6027221725652263,1.174234178711505,0.06000746242002792,1.2616849875892961,0.0,0.0,0.0,0.0
hybrid_proposed,0.0,False,5,93,0.005315937330646541,0.5188282044588388,1.1640914706058012,0.058189362601945724,1.8175524852042246,0.0,0.0,0.0,0.0
hybrid_proposed,0.0,False,5,110,0.004227113547484356,0.5405258073483856,1.1650258687669628,0.05806190867963137,1.2778358997403794,0.0,0.0,0.0,0.0
hybrid_proposed,0.0,False,5,127,0.004044734920535827,0.5497106939817484,1.1649318582107204,0.05768819408180056,1.2490193714177955,0.0,0.0,0.0,0.0
hybrid_proposed,0.0,False,5,144,0.004703493027071542,0.5852482579924484,1.1743376113614372,0.059401918145685344,1.2385306542475185,0.0,0.0,0.0,0.0
hybrid_proposed,0.0,False,5,161,0.005109602862503081,0.49737069306910076,1.1640324007554108,0.05821967348758477,1.2964674608419582,0.0,0.0,0.0,0.0
hybrid_proposed,0.0,False,5,178,0.004365599551172122,0.5402478421393193,1.1748413881066424,0.05940755790067949,1.9203881183602636,0.0,0.0,0.0,0.0
hybrid_proposed,0.0,False,5,195,0.005610315663596381,0.48104042632137906,1.1716951912398492,0.05872178031050197,1.319682607015197,0.0,0.0,0.0,0.0
hybrid_proposed,0.0,False,5,212,0.004844957989809736,0.3936386056859393,1.1631163290127942,0.05814841854305406,1.483033812735473,0.0,0.0,0.0,0.0
hybrid_proposed,0.0,False,5,229,0.0045163134151753395,0.553559864541081,1.1645567171569542,0.05853158607309835,1.9927829007874824,0.0,0.0,0.0,0.0
hybrid_proposed,0.0,False,5,246,0.006080511018203235,0.5328706079791217,1.1639096090350063,0.057854015787225425,1.3457895840295542,0.0,0.0,0.0,0.0
hybrid_proposed,0.0,False,5,263,0.0062018807189480425,0.5611237303434993,1.1662754235790433,0.0582406124203673,1.282478308497072,0.0,0.0,0.0,0.0
hybrid_proposed,0.0,False,5,280,0.004853088531871078,0.543356957753732,1.1636680178110397,0.058172055992097856,1.391278296571416,0.0,0.0,0.0,0.0
hybrid_proposed,0.0,False,5,297,0.004100058551159218,0.6362998409857832,1.1673313169509816,0.057895883745704806,1.3654276970447472,0.0,0.0,0.0,0.0
hybrid_proposed,0.0,False,5,314,0.005621678349115342,0.4586177362078461,1.1635365686471117,0.058320614300284505,1.2089448568736665,0.0,0.0,0.0,0.0
hybrid_proposed,0.0,False,5,331,0.004426479145918253,0.5255897344314723,1.1650315427228708,0.05746936103499467,1.1775952924095463,0.0,0.0,0.0,0.0
hybrid_proposed,0.0,False,5,348,0.00508621321879764,0.5751230242053056,1.174498772197942,0.05919736322560686,1.6739063250223596,0.0,0.0,0.0,0.0
hybrid_proposed,0.0,False,5,365,0.005683601756790866,0.4457597480065306,1.1636746838915901,0.057921974823178006,1.6714390110216124,0.0,0.0,0.0,0.0
centralized_hold,1.0,False,5,42,0.042699409705104246,0.4972054136362871,1.1696401382714083,0.07718658294431062,1.6323336840115292,0.0,0.0,0.0,0.0
centralized_hold,1.0,False,5,59,0.04271143439507997,0.609940631318575,1.1668269817509664,0.0773689593689504,0.9607698306463166,0.0,0.0,0.0,0.0
centralized_hold,1.0,False,5,76,0.0426999970160041,0.6004168640876048,1.1686469403090607,0.07700351657148076,1.2102311682209081,0.0,0.0,0.0,0.0
centralized_hold,1.0,False,5,93,0.04270651270690458,0.5182859542585657,1.1704097068114043,0.07741346523066513,1.8150839360791073,0.0,0.0,0.0,0.0
centralized_hold,1.0,False,5,110,0.04271598782545541,0.540519396766687,1.1779991077285028,0.0780160755994074,1.2418847619515794,0.0,0.0,0.0,0.0
centralized_hold,1.0,False,5,127,0.04275614970678014,0.5578785345208566,1.1834181298303945,0.07911175093701847,1.1736545077339835,0.0,0.0,0.0,0.0
centralized_hold,1.0,False,5,144,0.04268900187669369,0.5921100095919738,1.1729786605266574,0.0772678530752042,1.237272346684194,0.0,0.0,0.0,0.0
centralized_hold,1.0,False,5,161,0.04270363816511188,0.5047081865924872,1.1691507502859726,0.07727835881001807,1.2788278883935653,0.0,0.0,0.0,0.0
centralized_hold,1.0,False,5,178,0.042729964873367034,0.5330731243137763,1.1668196116546015,0.07692875869706536,1.9215041603068226,0.0,0.0,0.0,0.0
centralized_hold,1.0,False,5,195,0.04269783863017979,0.4801608530009927,1.1786274824053242,0.07849466058390026,1.320053368408147,0.0,0.0,0.0,0.0
centralized_hold,1.0,False,5,212,0.04271022182828641,0.396331546804113,1.170221661421395,0.07754768442556133,1.478852772525867,0.0,0.0,0.0,0.0
centralized_hold,1.0,False,5,229,0.04271030186122704,0.559129600541717,1.1670345774042425,0.07757462448945233,1.9515430196916796,0.0,0.0,0.0,0.0
centralized_hold,1.0,False,5,246,0.042727709135866425,0.5362491508676909,1.1715520763298408,0.07739760805741318,1.3447112130581031,0.0,0.0,0.0,0.0
centralized_hold,1.0,False,5,263,0.04273281835598736,0.5542335452928675,1.1693652768004317,0.07770110819519062,1.2094515921796785,0.0,0.0,0.0,0.0
centralized_hold,1.0,False,5,280,0.04271814191326225,0.5459215778188548,1.1709463910847493,0.07775468011280744,1.382631949684854,0.0,0.0,0.0,0.0
centralized_hold,1.0,False,5,297,0.042705912646340806,0.6428322998895364,1.1746385838988205,0.07629730557244518,1.3653548034941505,0.0,0.0,0.0,0.0
centralized_hold,1.0,False,5,314,0.04270791350253536,0.46545753381720745,1.170936920801076,0.07740950903444035,1.2031917341673672,0.0,0.0,0.0,0.0
centralized_hold,1.0,False,5,331,0.04271197494854551,0.5247259135722007,1.1690479336633337,0.07718126115167749,1.1348816150606367,0.0,0.0,0.0,0.0
centralized_hold,1.0,False,5,348,0.04270197728006001,0.5800806771830231,1.177220009415705,0.07811382864663394,1.6729685598442845,0.0,0.0,0.0,0.0
centralized_hold,1.0,False,5,365,0.04273063466307223,0.44808571756713833,1.1693371897418507,0.07741936121683936,1.65239602681113,0.0,0.0,0.0,0.0
decentralized,1.0,False,5,42,0.4342364221800257,0.9085528302992454,1.2314287689655639,0.5976657028934241,1.6320682064814878,0.0,0.0,12.0,0.0
decentralized,1.0,False,5,59,0.4263181274635477,1.0622655699146994,1.238487620729343,0.66237694993485,1.1914983285239544,0.0,0.0,12.0,0.0
decentralized,1.0,False,5,76,0.4696305261490914,1.0112250123660182,1.1791242521263432,0.6042433821362053,1.2041857986925646,0.0,0.0,12.0,0.0
decentralized,1.0,False,5,93,0.4401797247450354,0.8728660238901941,1.2460524805855417,0.5727389792572104,1.810521495537645,0.0,0.0,12.0,0.0
decentralized,1.0,False,5,110,0.4514562016983053,0.9612240051601803,1.182307274670102,0.6079376229040742,1.3096485563332472,0.0,0.0,12.0,0.0
decentralized,1.0,False,5,127,0.4394443268570716,0.9557245300703826,1.1525494776346388,0.6188210533487951,1.3991846068821792,0.0,0.0,12.0,0.0
decentralized,1.0,False,5,144,0.4468054308207846,0.9845252653231907,1.2267097349799108,0.5990663621903439,1.2390535669585312,0.0,0.0,12.0,0.0
decentralized,1.0,False,5,161,0.4476109303147321,0.8849541361113574,1.2049705521304626,0.5826791459676582,1.2969702162709906,0.0,0.0,12.0,0.0
decentralized,1.0,False,5,178,0.4330034732708524,0.9104550642364944,1.1328690303095614,0.6120613809705375,1.8929518793673425,0.0,0.0,12.0,0.0
decentralized,1.0,False,5,195,0.426856379322113,0.8955683281160939,1.164946984985833,0.6281282190691918,1.3201894691762397,0.0,0.0,12.0,0.0
decentralized,1.0,False,5,212,0.42021395728199434,0.7941493779608856,1.1767098780037495,0.5982452486160761,1.4832328987989745,0.0,0.0,12.0,0.0
decentralized,1.0,False,5,229,0.4457765438423343,0.9360270598910009,1.135978315425098,0.6095670607557645,1.9338149477180162,0.0,0.0,12.0,0.0
decentralized,1.0,False,5,246,0.436024817798628,0.8822516465246787,1.2996861376876145,0.5623676185175122,1.346199519121996,0.0,0.0,12.0,0.0
decentralized,1.0,False,5,263,0.42426671974272606,0.9492527622627409,1.1655715185271893,0.6215480849076153,1.4839001073624547,0.0,0.0,12.0,0.0
decentralized,1.0,False,5,280,0.44910323186529627,0.9075022524989542,1.28081947887654,0.5425649390328087,1.3931115463779353,0.0,0.0,12.0,0.0
decentralized,1.0,False,5,297,0.46829428148578156,1.0901857059278277,1.2361922270018446,0.6223844700724025,1.3657578548612095,0.0,0.0,12.0,0.0
decentralized,1.0,False,5,314,0.4447380585671668,0.8328749187508028,1.2084058328031841,0.5788437366459998,1.2095045271016829,0.0,0.0,12.0,0.0
decentralized,1.0,False,5,331,0.4388838842092569,0.9110899831342237,1.174157866315926,0.6051217135955137,1.288864963863324,0.0,0.0,12.0,0.0
decentralized,1.0,False,5,348,0.4612334057883283,0.9818516485210123,1.1611266539733887,0.6041449080113189,1.65602577922458,0.0,0.0,12.0,0.0
decentralized,1.0,False,5,365,0.4240749842527494,0.8326095790220175,1.1738844580199823,0.5895345409660001,1.6566897923513528,0.0,0.0,12.0,0.0
hybrid_naive,1.0,False,5,42,0.005636469125981313,0.5098929406289375,1.1819741995865378,0.05885610463099318,1.6319681706470746,14.0,1.4,0.9700000000000003,0.10000000000000053
hybrid_naive,1.0,False,5,59,0.005187204045663191,0.6177946603028898,1.1776543830152486,0.06047906163109129,1.028823224411901,16.0,1.6,0.9900000000000002,0.10000000000000053
hybrid_naive,1.0,False,5,76,0.005601816148263784,0.6078642612623048,1.1797994799323421,0.061150935311924365,1.2616849875892961,18.0,1.8,0.9900000000000002,0.10000000000000053
hybrid_naive,1.0,False,5,93,0.004668911831733834,0.5303743863885263,1.184680162544486,0.05808893671680297,1.8155100768198738,14.0,1.4,0.9700000000000003,0.10000000000000053
hybrid_naive,1.0,False,5,110,0.005147209607905779,0.5533789906786118,1.190099462957454,0.05935994428088338,1.2778358997403794,14.0,1.4,0.9700000000000003,0.10000000000000053
hybrid_naive,1.0,False,5,127,0.004250192823206615,0.5641841945436528,1.1963811717346544,0.06005497999813946,1.2490193714177955,12.0,1.2,0.9600000000000003,0.10000000000000053
hybrid_naive,1.0,False,5,144,0.004818102516334925,0.5919662203897083,1.1827625775636,0.05943850927440514,1.2385306542475185,14.0,1.4,0.9900000000000002,0.10000000000000053
hybrid_naive,1.0,False,5,161,0.0069653729303961595,0.5080300023351279,1.1830910552279692,0.05860078036268534,1.2964674608419582,14.0,1.4,0.9800000000000002,0.10000000000000053
hybrid_naive,1.0,False,5,178,0.005056258976049752,0.5456435117121345,1.181069044814481,0.057670951251390094,1.9203881183602636,14.0,1.4,0.9800000000000002,0.15000000000000036
hybrid_naive,1.0,False,5,195,0.006599971740242841,0.4929688951420149,1.192391597748195,0.05943131217781997,1.319682607015197,16.0,1.6,0.9800000000000002,0.10000000000000053
hybrid_naive,1.0,False,5,212,0.004788077408762119,0.40534824794928614,1.1822718667413772,0.058035704761964034,1.483033812735473,14.0,1.4,0.9800000000000002,0.10000000000000053
hybrid_naive,1.0,False,5,229,0.00566121374796741,0.5635755205863899,1.181129174899573,0.061484015137529276,1.993216702055623,14.0,1.4,1.0000000000000002,0.10000000000000053
hybrid_naive,1.0,False,5,246,0.005721035315391599,0.5429977673823573,1.1827361796730944,0.0580218836508272,1.3457895840295542,14.0,1.4,0.9800000000000002,0.10000000000000053
hybrid_naive,1.0,False,5,263,0.005703137548064802,0.5684907453478539,1.1799633454197591,0.057875106316777,1.282478308497072,22.0,2.2,1.0100000000000002,0.10000000000000053
hybrid_naive,1.0,False,5,280,0.0062251226117008545,0.5552060995482144,1.1851018152942279,0.06107530550956444,1.391278296571416,18.0,1.8,1.0000000000000004,0.15000000000000036
hybrid_naive,1.0,False,5,297,0.004740858715915316,0.6432553404100756,1.179399707786489,0.05918497533526339,1.3654276970447472,18.0,1.8,1.0000000000000002,0.10000000000000053
hybrid_naive,1.0,False,5,314,0.005596349498648765,0.47055559237405326,1.1833172607588829,0.060337804526620305,1.2089448568736665,14.0,1.4,0.9700000000000003,0.10000000000000053
hybrid_naive,1.0,False,5,331,0.004616980331273844,0.5346903484434049,1.1803749010517788,0.057625209527257096,1.1775952924095463,10.0,1.0,0.9500000000000004,0.10000000000000053
hybrid_naive,1.0,False,5,348,0.0042076272681770745,0.5835157154351106,1.1900502415265009,0.0593719665925295,1.6739063250223596,12.0,1.2,0.9600000000000003,0.10000000000000053
hybrid_naive,1.0,False,5,365,0.004884342597818712,0.45762087010211944,1.1821534568964276,0.05964108129894422,1.6714390110216124,14.0,1.4,0.9800000000000002,0.10000000000000053
hybrid_proposed,1.0,False,5,42,0.007484780302176281,0.6479938033024931,1.627360408194505,0.08323551800949583,1.6319681706470746,10.0,1.0,2.0500000000000007,1.6500000000000004
hybrid_proposed,1.0,False,5,59,0.006804933228218277,0.7559817704890549,1.6162112569046951,0.08281005430924072,1.028823224411901,10.0,1.0,2.0500000000000007,1.6500000000000004
hybrid_proposed,1.0,False,5,76,0.007264278804167493,0.7463909029524085,1.6246746878538056,0.08395112852620946,1.2616849875892961,10.0,1.0,2.0500000000000007,1.6500000000000004
hybrid_proposed,1.0,False,5,93,0.006847999603670475,0.6679617711984295,1.6322808906219946,0.08381960023714746,1.8175524852042246,10.0,1.0,2.0500000000000007,1.6500000000000004
hybrid_proposed,1.0,False,5,110,0.007337607482753197,0.6883705725354645,1.6252082765445695,0.08300356037851059,1.2778358997403794,10.0,1.0,2.0500000000000007,1.6500000000000004
hybrid_proposed,1.0,False,5,127,0.0063258685091866,0.6967570034760862,1.6213232494817236,0.08231603371208819,1.2490193714177955,10.0,1.0,2.0500000000000007,1.6500000000000004
hybrid_proposed,1.0,False,5,144,0.006890594344980279,0.7328672218750877,1.6365642605959163,0.08335773976293494,1.2385306542475185,10.0,1.0,2.0500000000000007,1.6500000000000004
hybrid_proposed,1.0,False,5,161,0.007802980081284928,0.6449612229321777,1.6276076023114021,0.08194792180778043,1.2964674608419582,10.0,1.0,2.0500000000000007,1.6500000000000004
hybrid_proposed,1.0,False,5,178,0.007249976120715045,0.6848803597239207,1.6259263900382703,0.08253540369361308,1.9203881183602636,10.0,1.0,2.0500000000000007,1.6500000000000004
hybrid_proposed,1.0,False,5,195,0.007882961336955182,0.6269310862411123,1.6235466594671888,0.08275252626911261,1.319682607015197,10.0,1.0,2.0500000000000007,1.6500000000000004
hybrid_proposed,1.0,False,5,212,0.007038365420923614,0.5455836549848195,1.633566798908231,0.08358047026096095,1.483033812735473,10.0,1.0,2.0500000000000007,1.6500000000000004
hybrid_proposed,1.0,False,5,229,0.006993361270820729,0.7015594033191096,1.6249130727941872,0.08403628309074776,1.9726414016672722,10.0,1.0,2.0500000000000007,1.6500000000000004
hybrid_proposed,1.0,False,5,246,0.007236010108303488,0.6819252312746171,1.634045818389317,0.08373996337459078,1.3457895840295542,10.0,1.0,2.0500000000000007,1.6500000000000004
hybrid_proposed,1.0,False,5,263,0.007229587390563109,0.70752164258306,1.6206515107749349,0.08186496751076683,1.282478308497072,10.0,1.0,2.0500000000000007,1.6500000000000004
hybrid_proposed,1.0,False,5,280,0.007784500280041616,0.6933893881724588,1.6365442562559909,0.08413970625554261,1.391278296571416,10.0,1.0,2.0500000000000007,1.6500000000000004
hybrid_proposed,1.0,False,5,297,0.00704544870912396,0.7823086234491643,1.6243951852280631,0.08212153613480477,1.3654276970447472,10.0,1.0,2.0500000000000007,1.6500000000000004
hybrid_proposed,1.0,False,5,314,0.007461527645939364,0.6083247657627592,1.6311142725303003,0.08392333892178808,1.2089448568736665,10.0,1.0,2.0500000000000007,1.6500000000000004
hybrid_proposed,1.0,False,5,331,0.0068508514155712725,0.6733430629199703,1.6256509179750795,0.08249476414079032,1.1775952924095463,10.0,1.0,2.0500000000000007,1.6500000000000004
hybrid_proposed,1.0,False,5,348,0.00651863678280353,0.7187145463940184,1.623055927980816,0.08273942489632255,1.6739063250223596,10.0,1.0,2.0500000000000007,1.6500000000000004
hybrid_proposed,1.0,False,5,365,0.007066221694474394,0.5978755076443697,1.6367207519293663,0.08311441778654646,1.6714390110216124,10.0,1.0,2.0500000000000007,1.6500000000000004
centralized_hold,2.0,False,5,42,0.04271880687817379,0.4984051321193361,1.174177052888032,0.07734530121595976,1.6323336840115292,0.0,0.0,0.0,0.0
centralized_hold,2.0,False,5,59,0.04264067787985996,0.6221513058863489,1.2132759560616413,0.07682140250928486,0.9607698306463166,0.0,0.0,0.0,0.0
centralized_hold,2.0,False,5,76,0.04264263650296531,0.6125003868762581,1.2130701311829015,0.07728856597675382,1.2102311682209081,0.0,0.0,0.0,0.0
centralized_hold,2.0,False,5,93,0.04271281592456102,0.5196401070075283,1.1764067777442055,0.0771458106790077,1.8150839360791073,0.0,0.0,0.0,0.0
centralized_hold,2.0,False,5,110,0.04269355933220925,0.5417543452215547,1.1866296087121917,0.0773651905452712,1.2418847619515794,0.0,0.0,0.0,0.0
centralized_hold,2.0,False,5,127,0.04269553119131765,0.5618387029674797,1.203107644715518,0.0774806777651174,1.1736545077339835,0.0,0.0,0.0,0.0
centralized_hold,2.0,False,5,144,0.04272212611830631,0.6084309951290587,1.234548653847961,0.07746808852891443,1.237272346684194,0.0,0.0,0.0,0.0
centralized_hold,2.0,False,5,161,0.04273953395539638,0.5072163687505067,1.1781111233756933,0.07733193806989012,1.2788278883935653,0.0,0.0,0.0,0.0
centralized_hold,2.0,False,5,178,0.04267717438510937,0.5358085245041856,1.1776261475127947,0.07701130831779486,1.9215041603068226,0.0,0.0,0.0,0.0
centralized_hold,2.0,False,5,195,0.04273397775302423,0.47675527529165446,1.169759746317031,0.07713636516596681,1.320053368408147,0.0,0.0,0.0,0.0
centralized_hold,2.0,False,5,212,0.0427160955014483,0.3974537603341955,1.1742292856258698,0.07761674560117192,1.478852772525867,0.0,0.0,0.0,0.0
centralized_hold,2.0,False,5,229,0.04269029063147289,0.5634618453227004,1.1825954356282855,0.07722673567988894,1.9524101833366807,0.0,0.0,0.0,0.0
centralized_hold,2.0,False,5,246,0.04271932579836048,0.537876576023794,1.1777393845082031,0.07744544029686551,1.3447112130581031,0.0,0.0,0.0,0.0
centralized_hold,2.0,False,5,263,0.04267792486940633,0.5584487720582989,1.1881187467214291,0.07682272106737126,1.2094515921796785,0.0,0.0,0.0,0.0
centralized_hold,2.0,False,5,280,0.042723849721125,0.5471929967722031,1.1760823562794152,0.0773501575507095,1.382631949684854,0.0,0.0,0.0,0.0
centralized_hold,2.0,False,5,297,0.04273721160302445,0.6700956477461797,1.2865962707904908,0.07732050353589769,1.3653548034941505,0.0,0.0,0.0,0.0
centralized_hold,2.0,False,5,314,0.04271703125794569,0.4666649564986243,1.1753039802496925,0.0775565115153312,1.2031917341673672,0.0,0.0,0.0,0.0
centralized_hold,2.0,False,5,331,0.042742050858485835,0.5306580481025769,1.194093751906637,0.07730782172009112,1.1348816150606367,0.0,0.0,0.0,0.0
centralized_hold,2.0,False,5,348,0.04267084075332906,0.5844167222084152,1.1964240322835094,0.0768080972455982,1.6729685598442845,0.0,0.0,0.0,0.0
centralized_hold,2.0,False,5,365,0.042753582546269535,0.45022998403598463,1.1772968860024386,0.0777549432535813,1.65239602681113,0.0,0.0,0.0,0.0
decentralized,2.0,False,5,42,0.4816042473788509,0.8939179371215378,1.1886476941554789,0.6074939309909246,1.6320682064814878,0.0,0.0,12.0,0.0
decentralized,2.0,False,5,59,0.4618205783863172,1.0589269294011339,1.2539567921851091,0.6612577921996791,1.1914983285239544,0.0,0.0,12.0,0.0
decentralized,2.0,False,5,76,0.5281651024633717,1.0088669766332983,1.2047097094345671,0.6107603332751455,1.2041857986925646,0.0,0.0,12.0,0.0
decentralized,2.0,False,5,93,0.4979529055040861,0.8415382238131983,1.1635258459997524,0.5687990306109832,1.810521495537645,0.0,0.0,12.0,0.0
decentralized,2.0,False,5,110,0.4980987285903446,0.9578112855684932,1.1890183426267802,0.6211019684426475,1.3096485563332472,0.0,0.0,12.0,0.0
decentralized,2.0,False,5,127,0.47746932923227464,0.9624787303324976,1.1929632293550159,0.6369432433428649,1.3991846068821792,0.0,0.0,12.0,0.0
decentralized,2.0,False,5,144,0.4975211017479064,0.9715045681446888,1.2085758864916643,0.6030109555504236,1.2390535669585312,0.0,0.0,12.0,0.0
decentralized,2.0,False,5,161,0.5015086330768793,0.864492888335949,1.1614157507455536,0.583651906402636,1.2969702162709906,0.0,0.0,12.0,0.0
decentralized,2.0,False,5,178,0.46807139914217255,0.9155269171180663,1.1688126726633303,0.626040527888484,1.9089250086051646,0.0,0.0,12.0,0.0
decentralized,2.0,False,5,195,0.46538500724751297,0.8926151504915923,1.176019766537989,0.6371119314758575,1.3201894691762397,0.0,0.0,12.0,0.0
decentralized,2.0,False,5,212,0.46880076552213096,0.7727015555190313,1.1309969436078742,0.6007933409347057,1.4832328987989745,0.0,0.0,12.0,0.0
decentralized,2.0,False,5,229,0.4960793487730251,0.9294830697022463,1.161202488326607,0.6074026428482128,1.9264864927682814,0.0,0.0,12.0,0.0
decentralized,2.0,False,5,246,0.4941332843907282,0.8507374047606717,1.2125917528184442,0.5608104355075508,1.346199519121996,0.0,0.0,12.0,0.0
decentralized,2.0,False,5,263,0.45448658612837517,0.9595427367701317,1.19170856414179,0.6511694789665444,1.4839001073624547,0.0,0.0,12.0,0.0
decentralized,2.0,False,5,280,0.5014560579037344,0.8850010981847621,1.2090488016396619,0.554705597147034,1.3931115463779353,0.0,0.0,12.0,0.0
decentralized,2.0,False,5,297,0.521843392249914,1.0843074854589871,1.2565722360577587,0.6204342279205142,1.3657578548612095,0.0,0.0,12.0,0.0
decentralized,2.0,False,5,314,0.49559410418658467,0.8061032894814012,1.1365228533260732,0.5787802505805282,1.2095045271016829,0.0,0.0,12.0,0.0
decentralized,2.0,False,5,331,0.48620953163485836,0.9036316295030622,1.162676413797731,0.6191835688821172,1.288864963863324,0.0,0.0,12.0,0.0
decentralized,2.0,False,5,348,0.4991128823718738,0.9974322542695861,1.203657691838594,0.6458796613563468,1.65602577922458,0.0,0.0,12.0,0.0
decentralized,2.0,False,5,365,0.48066662282279854,0.8092024713252459,1.13353861189928,0.582551051293398,1.6566897923513528,0.0,0.0,12.0,0.0
hybrid_naive,2.0,False,5,42,0.006851998659914377,0.532156781543447,1.2701607161487987,0.05828922558142477,1.6319681706470746,14.0,1.4,1.970000000000001,0.10000000000000053
hybrid_naive,2.0,False,5,59,0.008409030160726062,0.636512416540752,1.2540153944289816,0.059443077413131803,1.028823224411901,16.0,1.6,1.9900000000000009,0.10000000000000053
hybrid_naive,2.0,False,5,76,0.0073556915223622265,0.6308665449440585,1.273004602186172,0.061592103431325894,1.2616849875892961,18.0,1.8,1.9900000000000009,0.10000000000000053
hybrid_naive,2.0,False,5,93,0.005187156619662144,0.5564051651698475,1.2878207949324192,0.05805090127609052,1.8155100768198738,14.0,1.4,1.970000000000001,0.10000000000000053
hybrid_naive,2.0,False,5,110,0.005601282535042856,0.5708743367553678,1.2633832555441762,0.05767890663400824,1.2778358997403794,14.0,1.4,1.970000000000001,0.10000000000000053
hybrid_naive,2.0,False,5,127,0.004305845940566668,0.5801245046099138,1.2661281301375766,0.057902565370751356,1.2490193714177955,12.0,1.2,1.9600000000000009,0.10000000000000053
hybrid_naive,2.0,False,5,144,0.005048058650632585,0.6133494313060606,1.2682953435334263,0.05922954946748045,1.2385306542475185,14.0,1.4,1.9900000000000009,0.10000000000000053
hybrid_naive,2.0,False,5,161,0.005702430176040724,0.5288541813642288,1.2697120308735395,0.05659607366422784,1.2964674608419582,14.0,1.4,1.980000000000001,0.10000000000000053
hybrid_naive,2.0,False,5,178,0.00461816965635161,0.5658232426985308,1.2600024377458947,0.05811339494487653,1.9203881183602636,14.0,1.4,1.980000000000001,0.15000000000000036
hybrid_naive,2.0,False,5,195,0.005675852131408225,0.5094430671101496,1.2621167978384544,0.057811040415697054,1.319682607015197,14.0,1.4,1.970000000000001,0.10000000000000053
hybrid_naive,2.0,False,5,212,0.005078279892479479,0.42758431269191693,1.2703421331876041,0.05762649606986957,1.483033812735473,12.0,1.2,1.970000000000001,0.10000000000000053
hybrid_naive,2.0,False,5,229,0.009325436060339047,0.5857903448028448,1.2706462735006399,0.06019504385207791,2.0015413451233517,12.0,1.2,1.9900000000000009,0.10000000000000053
hybrid_naive,2.0,False,5,246,0.00778625107227726,0.5696515200572275,1.288523330234819,0.057862748801284086,1.3457895840295542,12.0,1.2,1.970000000000001,0.10000000000000053
hybrid_naive,2.0,False,5,263,0.004412501545233531,0.5871456351683094,1.2485383716594063,0.060130521992831684,1.282478308497072,20.0,2.0,2.000000000000001,0.10000000000000053
hybrid_naive,2.0,False,5,280,0.005665030130740866,0.5810577577723922,1.2918088868179176,0.058161555315438554,1.391278296571416,18.0,1.8,2.000000000000001,0.15000000000000036
hybrid_naive,2.0,False,5,297,0.005486819244847665,0.6640846063571175,1.2548951071308894,0.06263815458051436,1.3654276970447472,18.0,1.8,2.000000000000001,0.10000000000000053
hybrid_naive,2.0,False,5,314,0.005385424911738116,0.49403333683459,1.277320581538829,0.058766225624533173,1.2089448568736665,14.0,1.4,1.970000000000001,0.10000000000000053
hybrid_naive,2.0,False,5,331,0.004094437582749314,0.555966547079358,1.2630532966207728,0.05767946074128171,1.1775952924095463,10.0,1.0,1.950000000000001,0.10000000000000053
hybrid_naive,2.0,False,5,348,0.004518902036920787,0.6021494168353173,1.269026193698757,0.05797230881794262,1.6739063250223596,12.0,1.2,1.9600000000000009,0.10000000000000053
hybrid_naive,2.0,False,5,365,0.004822648343740148,0.48022854672334936,1.2737002360750096,0.05724833612697722,1.6714390110216124,14.0,1.4,1.980000000000001,0.10000000000000053
hybrid_proposed,2.0,False,5,42,0.00737419637947204,0.6541306731230203,1.6472715863557346,0.08388858700907877,1.6319681706470746,10.0,1.0,2.0500000000000007,0.6500000000000004
hybrid_proposed,2.0,False,5,59,0.00873803011910125,0.761951122832263,1.6354992798405916,0.08344141210502579,1.028823224411901,10.0,1.0,2.0500000000000007,0.6500000000000004
hybrid_proposed,2.0,False,5,76,0.00823455148592901,0.7524744960501069,1.6444295209321984,0.08491558864011987,1.2616849875892961,10.0,1.0,2.0500000000000007,0.6500000000000004
hybrid_proposed,2.0,False,5,93,0.007694057018983532,0.6748908123261074,1.6540323855737962,0.08506878869106058,1.8175524852042246,10.0,1.0,2.0500000000000007,0.6500000000000004
hybrid_proposed,2.0,False,5,110,0.007944921298626112,0.6938001989567102,1.6426742013448854,0.08358807214392477,1.2778358997403794,10.0,1.0,2.0500000000000007,0.6500000000000004
hybrid_proposed,2.0,False,5,127,0.006479398409171258,0.7032147122950877,1.6413229076796276,0.08346038223968703,1.2490193714177955,10.0,1.0,2.0500000000000007,0.6500000000000004
hybrid_proposed,2.0,False,5,144,0.006634842192125602,0.7371782813019149,1.6501217803874655,0.08388198712874347,1.2385306542475185,10.0,1.0,2.0500000000000007,0.6500000000000004
hybrid_proposed,2.0,False,5,161,0.007407292656699946,0.6512387400106188,1.647530610267421,0.0826194664832404,1.2964674608419582,10.0,1.0,2.0500000000000007,0.6500000000000004
hybrid_proposed,2.0,False,5,178,0.006902439406117812,0.689476157576884,1.6405453792381945,0.08317760114790364,1.9203881183602636,10.0,1.0,2.0500000000000007,0.6500000000000004
hybrid_proposed,2.0,False,5,195,0.007596918669084478,0.6328227911940015,1.6422013836505576,0.08344611744871985,1.319682607015197,10.0,1.0,2.0500000000000007,0.6500000000000004
hybrid_proposed,2.0,False,5,212,0.007372530021851445,0.550237164292032,1.6486897703691314,0.0838462108414471,1.483033812735473,10.0,1.0,2.0500000000000007,0.6500000000000004
hybrid_proposed,2.0,False,5,229,0.009677844577674427,0.7076142407362619,1.6443176178852459,0.08483681569082177,1.9701798466417737,10.0,1.0,2.0500000000000007,0.6500000000000004
hybrid_proposed,2.0,False,5,246,0.007959527043872153,0.6887446601302666,1.6557746536547964,0.08487614181246891,1.3457895840295542,10.0,1.0,2.0500000000000007,0.6500000000000004
hybrid_proposed,2.0,False,5,263,0.006291414047487941,0.7130021126966858,1.6375729681710902,0.0827954429201664,1.282478308497072,10.0,1.0,2.0500000000000007,0.6500000000000004
hybrid_proposed,2.0,False,5,280,0.00762991110633379,0.6988970619702322,1.6542726193358361,0.08459180819451047,1.391278296571416,10.0,1.0,2.0500000000000007,0.6500000000000004
hybrid_proposed,2.0,False,5,297,0.00752050678217801,0.7864929281141656,1.6376181122761693,0.08255722470290218,1.3654276970447472,10.0,1.0,2.0500000000000007,0.6500000000000004
hybrid_proposed,2.0,False,5,314,0.007270845487110468,0.6143647373779805,1.650856520230629,0.08457006540328144,1.2089448568736665,10.0,1.0,2.0500000000000007,0.6500000000000004
hybrid_proposed,2.0,False,5,331,0.006521048014321431,0.6795862665145087,1.6449878727668683,0.08362745571389299,1.1775952924095463,10.0,1.0,2.0500000000000007,0.6500000000000004
hybrid_proposed,2.0,False,5,348,0.006809714131240639,0.7245424986097035,1.6418537082245104,0.0836098397060172,1.6739063250223596,10.0,1.0,2.0500000000000007,0.6500000000000004
hybrid_proposed,2.0,False,5,365,0.007052152031798269,0.6023790494204663,1.6514848606584116,0.08326263304972802,1.6714390110216124,10.0,1.0,2.0500000000000007,0.6500000000000004
centralized_hold,3.0,False,5,42,0.042739332617012044,0.5129501908303163,1.2183911846994149,0.08127914658376921,1.6323336840115292,0.0,0.0,0.0,0.0
centralized_hold,3.0,False,5,59,0.042058211909199096,0.62640887487739,1.2321268252118687,0.07471092326344882,0.9607698306463166,0.0,0.0,0.0,0.0
centralized_hold,3.0,False,5,76,0.04226569543623733,0.615172255509372,1.227130371223886,0.0752123769762146,1.2102311682209081,0.0,0.0,0.0,0.0
centralized_hold,3.0,False,5,93,0.04277726912867606,0.5344266011197111,1.221247666237391,0.08143215854625972,1.8150839360791073,0.0,0.0,0.0,0.0
centralized_hold,3.0,False,5,110,0.04250383245126291,0.5687154119077209,1.2718637410888918,0.08325507832662594,1.2418847619515794,0.0,0.0,0.0,0.0
centralized_hold,3.0,False,5,127,0.0424396019076048,0.5715018553648429,1.2367580271328493,0.07841418894464568,1.1736545077339835,0.0,0.0,0.0,0.0
centralized_hold,3.0,False,5,144,0.04201662880370811,0.6315355458550113,1.309256168446123,0.08042672601120407,1.237272346684194,0.0,0.0,0.0,0.0
centralized_hold,3.0,False,5,161,0.04259347191057597,0.5091097855860215,1.1831079825552115,0.07734916689303452,1.2788278883935653,0.0,0.0,0.0,0.0
centralized_hold,3.0,False,5,178,0.042465853563195544,0.5589795930021296,1.2504520811834552,0.08175249106552403,1.9080563286783292,0.0,0.0,0.0,0.0
centralized_hold,3.0,False,5,195,0.04250144020666561,0.48989470722263445,1.2093397206188663,0.07975922801609464,1.320053368408147,0.0,0.0,0.0,0.0
centralized_hold,3.0,False,5,212,0.04278971428257256,0.40864931762366336,1.2084861328951637,0.08061558600304757,1.478852772525867,0.0,0.0,0.0,0.0
centralized_hold,3.0,False,5,229,0.04230805599627223,0.5643991505221552,1.182171319947165,0.07604840623851532,1.849661682604951,0.0,0.0,0.0,0.0
centralized_hold,3.0,False,5,246,0.04286913745385599,0.5443915741961284,1.1972255750585632,0.07967810387553162,1.3447112130581031,0.0,0.0,0.0,0.0
centralized_hold,3.0,False,5,263,0.04225736413416407,0.5908664053991589,1.2904396908208517,0.08368382285869125,1.2094515921796785,0.0,0.0,0.0,0.0
centralized_hold,3.0,False,5,280,0.04282333762419194,0.5568454214703403,1.2035749293021627,0.08041017518071189,1.382631949684854,0.0,0.0,0.0,0.0
centralized_hold,3.0,False,5,297,0.04179764559260857,0.7690262237876582,1.6088441308425043,0.09914096585040355,1.3653548034941505,0.0,0.0,0.0,0.0
centralized_hold,3.0,False,5,314,0.042803532561584645,0.4783364291442742,1.2125597712125076,0.080432658284049,1.2031917341673672,0.0,0.0,0.0,0.0
centralized_hold,3.0,False,5,331,0.04231056271490804,0.5751662226838025,1.3277262743294134,0.08836801776034645,1.1348816150606367,0.0,0.0,0.0,0.0
centralized_hold,3.0,False,5,348,0.04226947338318652,0.5821171121403472,1.188462935251679,0.07484373309745802,1.6729685598442845,0.0,0.0,0.0,0.0
centralized_hold,3.0,False,5,365,0.04263098661375637,0.46864010093064185,1.2347907789681218,0.08170034803627459,1.65239602681113,0.0,0.0,0.0,0.0
decentralized,3.0,False,5,42,0.5336140371621785,0.881720470482021,1.1923141671624518,0.5850699037534165,1.6320682064814878,0.0,0.0,12.0,0.0
decentralized,3.0,False,5,59,0.49608189515470413,1.0488159558088976,1.2629559898129181,0.6390571066176682,1.1914983285239544,0.0,0.0,12.0,0.0
decentralized,3.0,False,5,76,0.56046541343966,1.0115347059412043,1.2325254757950794,0.6096444677145201,1.2041857986925646,0.0,0.0,12.0,0.0
decentralized,3.0,False,5,93,0.5558619704439771,0.8289181693925459,1.1711060544714647,0.5458514103583678,1.810521495537645,0.0,0.0,12.0,0.0
decentralized,3.0,False,5,110,0.5299273352237267,0.9514814046685672,1.1931059327266869,0.6130610975737266,1.3096485563332472,0.0,0.0,12.0,0.0
decentralized,3.0,False,5,127,0.5113407962119307,0.9517408629785185,1.204802226205725,0.613181549173578,1.3991846068821792,0.0,0.0,12.0,0.0
decentralized,3.0,False,5,144,0.5363242380111083,0.9641077589833426,1.216884847319265,0.5910853678205896,1.2390535669585312,0.0,0.0,12.0,0.0
decentralized,3.0,False,5,161,0.5474854618607965,0.8607971378325389,1.1744873037410015,0.5798019877194315,1.2969702162709906,0.0,0.0,12.0,0.0
decentralized,3.0,False,5,178,0.510399738473506,0.9050504677253649,1.1777564784924845,0.6083264472168814,1.9206398728260956,0.0,0.0,12.0,0.0
decentralized,3.0,False,5,195,0.5060105082540943,0.8789601801327797,1.1817194741400805,0.6106214599936998,1.3201894691762397,0.0,0.0,12.0,0.0
decentralized,3.0,False,5,212,0.5149770273522203,0.7622634280865607,1.1376732519729602,0.584540859516718,1.4832328987989745,0.0,0.0,12.0,0.0
decentralized,3.0,False,5,229,0.5377235298943347,0.92161656320944,1.1801341003895265,0.5868513099668494,1.9679937731668184,0.0,0.0,12.0,0.0
decentralized,3.0,False,5,246,0.5605610193466513,0.8299093209222493,1.2119957758719795,0.5194318262953556,1.346199519121996,0.0,0.0,12.0,0.0
decentralized,3.0,False,5,263,0.4902427040815044,0.9454999100779918,1.1943781019734656,0.6242258654171728,1.4839001073624547,0.0,0.0,12.0,0.0
decentralized,3.0,False,5,280,0.5642788633949555,0.8754483869592236,1.216871366641068,0.5394947174498246,1.3931115463779353,0.0,0.0,12.0,0.0
decentralized,3.0,False,5,297,0.5503439961192687,1.0764302911455994,1.2576228824529183,0.6104792998635385,1.3657578548612095,0.0,0.0,12.0,0.0
decentralized,3.0,False,5,314,0.5474192897174195,0.7956855355148041,1.1452366844157624,0.5606544574047698,1.2095045271016829,0.0,0.0,12.0,0.0
decentralized,3.0,False,5,331,0.5353674766035723,0.8870928287357073,1.1687972711328987,0.5856503041975045,1.288864963863324,0.0,0.0,12.0,0.0
decentralized,3.0,False,5,348,0.5367459696120693,0.9863712030887534,1.2246310113568597,0.6125937673369175,1.65602577922458,0.0,0.0,12.0,0.0
decentralized,3.0,False,5,365,0.5303768196685918,0.8058632208426689,1.1453921450044147,0.5829770332672164,1.6566897923513528,0.0,0.0,12.0,0.0
hybrid_naive,3.0,False,5,42,0.0074681544402382385,0.5838783067631167,1.4172521951327663,0.07810391730709211,1.6319681706470746,14.0,1.4,2.9699999999999975,0.10000000000000053
hybrid_naive,3.0,False,5,59,0.012331308261313293,0.6900768420812107,1.4074584179829048,0.07882669784153365,1.028823224411901,16.0,1.6,2.9899999999999975,0.10000000000000053
hybrid_naive,3.0,False,5,76,0.010548664743162807,0.6960274528336143,1.4595503717178644,0.0853663861402395,1.2616849875892961,18.0,1.8,2.9899999999999975,0.10000000000000053
hybrid_naive,3.0,False,5,93,0.007732665524874234,0.6206991428230212,1.4721590702135143,0.08281350016770707,1.8155100768198738,14.0,1.4,2.9699999999999975,0.10000000000000053
hybrid_naive,3.0,False,5,110,0.006282603314939829,0.6175633472774374,1.3950197343010142,0.07611242779052917,1.2778358997403794,14.0,1.4,2.969999999999997,0.10000000000000053
hybrid_naive,3.0,False,5,127,0.006661290662968866,0.6337147005209718,1.4104223161099034,0.08256090918746548,1.2490193714177955,12.0,1.2,2.9599999999999973,0.10000000000000053
hybrid_naive,3.0,False,5,144,0.007684424789680914,0.6614338727593295,1.408621895038195,0.07625124791312271,1.2385306542475185,14.0,1.4,2.9899999999999975,0.10000000000000053
hybrid_naive,3.0,False,5,161,0.00663433953413344,0.5907886721556338,1.4460366145550407,0.0806437276807309,1.2964674608419582,12.0,1.2,2.9699999999999975,0.10000000000000053
hybrid_naive,3.0,False,5,178,0.005897418460378615,0.610136627361022,1.387978039333895,0.07440649536553048,1.9203881183602636,14.0,1.4,2.9799999999999978,0.15000000000000036
hybrid_naive,3.0,False,5,195,0.007102911804312491,0.5575971128742354,1.3992040747405894,0.0765501442891215,1.319682607015197,14.0,1.4,2.9699999999999975,0.10000000000000053
hybrid_naive,3.0,False,5,212,0.0070316245009282565,0.4810984471561108,1.4221497394896476,0.07845702406778594,1.483033812735473,12.0,1.2,2.9699999999999975,0.10000000000000053
hybrid_naive,3.0,False,5,229,0.01456322359662211,0.6414218183129655,1.4318789482819543,0.0800028561674863,2.0251819134856848,12.0,1.2,2.9899999999999975,0.10000000000000053
hybrid_naive,3.0,False,5,246,0.007052270687424454,0.6388707704868879,1.4818126959177176,0.08561725472075182,1.3457895840295542,10.0,1.0,2.9499999999999975,0.10000000000000053
hybrid_naive,3.0,False,5,263,0.005962019332176252,0.6263311540130817,1.3562096726352189,0.0776333994049678,1.282478308497072,20.0,2.0,2.9999999999999973,0.10000000000000053
hybrid_naive,3.0,False,5,280,0.009029637263295505,0.6486925405157072,1.480130021545055,0.08640166509046728,1.391278296571416,16.0,1.6,2.9899999999999975,0.15000000000000036
hybrid_naive,3.0,False,5,297,0.006092786005097737,0.6895997488820546,1.3329005883991485,0.06933732661001102,1.3654276970447472,18.0,1.8,2.9999999999999973,0.10000000000000053
hybrid_naive,3.0,False,5,314,0.009505635452387348,0.547942223638635,1.4306946063344632,0.07949000691156809,1.2089448568736665,12.0,1.2,2.9599999999999977,0.10000000000000053
hybrid_naive,3.0,False,5,331,0.005933998056893298,0.5971016036396719,1.3820588731854275,0.07337325910476032,1.1775952924095463,10.0,1.0,2.9499999999999975,0.10000000000000053
hybrid_naive,3.0,False,5,348,0.0067082215918785265,0.6627570348701993,1.4411607837325975,0.0817713125737207,1.6739063250223596,12.0,1.2,2.9599999999999973,0.10000000000000053
hybrid_naive,3.0,False,5,365,0.005564025164567949,0.5304624832133294,1.4176549903531275,0.07660520963049174,1.6714390110216124,14.0,1.4,2.9799999999999978,0.10000000000000053
hybrid_proposed,3.0,False,5,42,0.010364111839021938,0.7246192599976184,1.777204832548086,0.12946590791686327,1.6319681706470746,10.0,1.0,2.7099999999999986,0.35000000000000053
hybrid_proposed,3.0,False,5,59,0.012566652877621078,0.8360152675240395,1.7743182012822718,0.13026660222500105,1.028823224411901,10.0,1.0,2.7299999999999986,0.40000000000000036
hybrid_proposed,3.0,False,5,76,0.01270742696702846,0.8280362801601842,1.7864518342777893,0.1338012871575919,1.2616849875892961,10.0,1.0,2.7099999999999986,0.35000000000000053
hybrid_proposed,3.0,False,5,93,0.011621634182954121,0.7485207055493326,1.7912288395937757,0.13256167381465922,1.8175524852042246,10.0,1.0,2.709999999999998,0.35000000000000053
hybrid_proposed,3.0,False,5,110,0.010371679264246756,0.7613958850909308,1.7685003281586102,0.1266648454278728,1.2778358997403794,10.0,1.0,2.6999999999999984,0.3000000000000007
hybrid_proposed,3.0,False,5,127,0.010131860784751104,0.7740298245319088,1.7739271802104537,0.12904702465836396,1.2490193714177955,10.0,1.0,2.6999999999999984,0.3000000000000007
hybrid_proposed,3.0,False,5,144,0.010954099520892375,0.8084613510469828,1.780182513548224,0.1305539472597328,1.2385306542475185,10.0,1.0,2.729999999999998,0.35000000000000053
hybrid_proposed,3.0,False,5,161,0.010271723105530529,0.7264776529021979,1.790508947815183,0.13058177074808908,1.2964674608419582,10.0,1.0,2.7099999999999986,0.3000000000000007
hybrid_proposed,3.0,False,5,178,0.0104053076975345,0.7612784840427189,1.7678908831486155,0.13308827050377464,1.9054814287041917,10.0,1.0,2.7499999999999982,0.4500000000000002
hybrid_proposed,3.0,False,5,195,0.011039196538508652,0.7025274804557804,1.7713263395872076,0.1288021184166984,1.319682607015197,10.0,1.0,2.719999999999999,0.35000000000000053
hybrid_proposed,3.0,False,5,212,0.011048540617583842,0.6223393426253111,1.7842301386653032,0.12962381603053832,1.483033812735473,10.0,1.0,2.7099999999999986,0.3000000000000007
hybrid_proposed,3.0,False,5,229,0.015137439140552182,0.7781502967199944,1.778620192060413,0.12879355787131985,1.9145239173538817,10.0,1.0,2.7099999999999986,0.35000000000000053
hybrid_proposed,3.0,False,5,246,0.010730135444862121,0.764875135822325,1.7974869433294856,0.1344512292126786,1.3457895840295542,10.0,1.0,2.7099999999999986,0.35000000000000053
hybrid_proposed,3.0,False,5,263,0.00968505538410951,0.7818177922778883,1.7625074135719618,0.1287195359284653,1.282478308497072,10.0,1.0,2.719999999999998,0.35000000000000053
hybrid_proposed,3.0,False,5,280,0.011506708287980554,0.7748787556453632,1.7954283335217571,0.13406241580310896,1.391278296571416,10.0,1.0,2.729999999999998,0.35000000000000053
hybrid_proposed,3.0,False,5,297,0.010379444344213814,0.8542150654859288,1.762269938842111,0.1264684544351547,1.3654276970447472,10.0,1.0,2.7199999999999984,0.35000000000000053
hybrid_proposed,3.0,False,5,314,0.011705552258654937,0.6876663415700146,1.7839533534507905,0.13304821873848535,1.2089448568736665,10.0,1.0,2.7299999999999986,0.35000000000000053
hybrid_proposed,3.0,False,5,331,0.00994423581014302,0.7459910716977098,1.7681435731639104,0.12627200229402152,1.1775952924095463,10.0,1.0,2.6999999999999984,0.3000000000000007
hybrid_proposed,3.0,False,5,348,0.010052800311845547,0.797337871488233,1.7816761751885357,0.12937526476513436,1.6739063250223596,10.0,1.0,2.709999999999998,0.35000000000000053
hybrid_proposed,3.0,False,5,365,0.00960126943336549,0.670841416341604,1.777456218208614,0.12770395455426692,1.6714390110216124,10.0,1.0,2.7099999999999986,0.3000000000000007
centralized_hold,0.0,True,5,42,0.0427999438942009,0.495032636616817,1.1674720343250817,0.07840866834715363,1.6323336840115292,0.0,0.0,0.0,0.0
centralized_hold,0.0,True,5,59,0.042713557753617036,0.6070201780994421,1.1664536272947386,0.07925649551537485,1.0183855300509446,0.0,0.0,0.0,0.0
centralized_hold,0.0,True,5,76,0.04276874692856409,0.5979182982835707,1.1775395479861668,0.07925098389422203,1.2049774447332189,0.0,0.0,0.0,0.0
centralized_hold,0.0,True,5,93,0.04277844486593205,0.5173428799056893,1.169707978968228,0.07852159656871531,1.8162219744822419,0.0,0.0,0.0,0.0
centralized_hold,0.0,True,5,110,0.04271674392528329,0.5390186214660896,1.1792994958601837,0.07898656252379205,1.24216887407071,0.0,0.0,0.0,0.0
centralized_hold,0.0,True,5,127,0.042725151480617986,0.5488437855038377,1.166316503515289,0.07731875092023684,1.1602718393334257,0.0,0.0,0.0,0.0
centralized_hold,0.0,True,5,144,0.042629514050410156,0.6029566941289525,1.2119555521066072,0.08379150780402325,1.237272346684194,0.0,0.0,0.0,0.0
centralized_hold,0.0,True,5,161,0.042714391052468985,0.5031927091635615,1.1695377182344129,0.0776393844743631,1.2784317448252702,0.0,0.0,0.0,0.0
centralized_hold,0.0,True,5,178,0.04265495255856536,0.5416441121886265,1.1769486946506682,0.0783157029459142,1.9213657826970598,0.0,0.0,0.0,0.0
centralized_hold,0.0,True,5,195,0.04263863276760104,0.47847966617113186,1.1767577007629608,0.07926315757134267,1.320053368408147,0.0,0.0,0.0,0.0
centralized_hold,0.0,True,5,212,0.04273347038239467,0.39435359574698514,1.168695475100307,0.07739706487669587,1.478852772525867,0.0,0.0,0.0,0.0
centralized_hold,0.0,True,5,229,0.04274188512095662,0.5832375986023041,1.166531440537575,0.0764859523263855,1.8773146193396841,0.0,0.0,0.0,0.0
centralized_hold,0.0,True,5,246,0.04267611907615954,0.5620224215923291,1.1694310711257727,0.07859670713946607,1.0784072868872259,0.0,0.0,0.0,0.0
centralized_hold,0.0,True,5,263,0.04275552510496745,0.5587626091462196,1.1666776303052155,0.07740538972761261,1.1669071082592914,0.0,0.0,0.0,0.0
centralized_hold,0.0,True,5,280,0.0426964594175091,0.5433687223051723,1.1686176881877788,0.07795231010037929,1.3817937606724304,0.0,0.0,0.0,0.0
centralized_hold,0.0,True,5,297,0.04261469544989873,0.640710779181232,1.177380069230008,0.07824419334135155,1.3653548034941505,0.0,0.0,0.0,0.0
centralized_hold,0.0,True,5,314,0.04298380710138672,0.46510209053890555,1.1831442264528513,0.07869868001252174,1.208649337954143,0.0,0.0,0.0,0.0
centralized_hold,0.0,True,5,331,0.04271864449897195,0.5220479949339609,1.168196924409158,0.07753407383665026,1.1328800462869917,0.0,0.0,0.0,0.0
centralized_hold,0.0,True,5,348,0.04275326517739734,0.5741395239207245,1.169260621499523,0.07714414125312102,1.6729685598442845,0.0,0.0,0.0,0.0
centralized_hold,0.0,True,5,365,0.04268552981778999,0.4514274277251266,1.1681638546502677,0.07839212777428033,1.6521783404082075,0.0,0.0,0.0,0.0
decentralized,0.0,True,5,42,0.3833919267106776,0.8830283967279925,1.2860392105219123,0.4852893020495447,1.6320682064814878,0.0,0.0,12.0,0.0
decentralized,0.0,True,5,59,0.33829945555264146,1.0444190827378603,1.230032475495141,0.6526514125103338,1.1903888376745748,0.0,0.0,12.0,0.0
decentralized,0.0,True,5,76,0.4029068161313759,0.9314904134199918,1.2348313271849047,0.4657697430949058,1.218024619100048,0.0,0.0,12.0,0.0
decentralized,0.0,True,5,93,0.38761478167435937,0.8554476311794452,1.2932825755683908,0.4747837273439415,1.826522699604679,0.0,0.0,12.0,0.0
decentralized,0.0,True,5,110,0.36537012015165266,0.9305442375971881,1.234793511960307,0.5260376902939112,1.3096485563332472,0.0,0.0,12.0,0.0
decentralized,0.0,True,5,127,0.39213175077079593,0.9038209170166673,1.1851841152857572,0.46184093269890253,1.3944764843876432,0.0,0.0,12.0,0.0
decentralized,0.0,True,5,144,0.38436402525770597,0.9737723462113037,1.2586836910340262,0.5429626767126723,1.2390535669585312,0.0,0.0,12.0,0.0
decentralized,0.0,True,5,161,0.39037786428484156,0.8668954370776641,1.289531090669023,0.48405285800324654,1.2969702162709906,0.0,0.0,12.0,0.0
decentralized,0.0,True,5,178,0.3478930497672418,0.9126408798956978,1.1903565620084615,0.538055213548891,1.876104045302651,0.0,0.0,12.0,0.0
decentralized,0.0,True,5,195,0.34403474056783895,0.8460733972962955,1.1966417702743373,0.5018729111835625,1.3201894691762397,0.0,0.0,12.0,0.0
decentralized,0.0,True,5,212,0.3843344146715764,0.7828961996707129,1.2337987117851745,0.5215940245258733,1.4832328987989745,0.0,0.0,12.0,0.0
decentralized,0.0,True,5,229,0.3976644224435308,0.943292106079957,1.2085184512974887,0.5424476564608143,1.8697644959840822,0.0,0.0,12.0,0.0
decentralized,0.0,True,5,246,0.41921143160636487,0.8906682536636431,1.3521983872485026,0.4283483848649711,1.346199519121996,0.0,0.0,12.0,0.0
decentralized,0.0,True,5,263,0.3359938319489599,0.9474019060573045,1.1871969628207157,0.6380915461431612,1.483944524347248,0.0,0.0,12.0,0.0
decentralized,0.0,True,5,280,0.42848794286814856,0.891416068077151,1.3439261484833702,0.444986109384207,1.3931115463779353,0.0,0.0,12.0,0.0
decentralized,0.0,True,5,297,0.3984486065177109,1.0495247763558433,1.2267480969310482,0.5329549684206286,1.3657578548612095,0.0,0.0,12.0,0.0
decentralized,0.0,True,5,314,0.4097285309567479,0.8426492936630591,1.2650723413059466,0.531308862617912,1.2095045271016829,0.0,0.0,12.0,0.0
decentralized,0.0,True,5,331,0.3827782290310074,0.9000999373635502,1.2276504317025734,0.541299828531462,1.2842699248618357,0.0,0.0,12.0,0.0
decentralized,0.0,True,5,348,0.3994161516743047,0.9441255107555613,1.190755092255867,0.5105638477244305,1.6687202186450873,0.0,0.0,12.0,0.0
decentralized,0.0,True,5,365,0.36494215654936785,0.8159566761000367,1.2448169308172825,0.49312384806390974,1.6522034612658085,0.0,0.0,12.0,0.0
hybrid_naive,0.0,True,5,42,0.021474500396372522,0.514454547464444,1.1929091556086602,0.06651441623939731,1.6319681706470746,112.0,11.2,0.8700000000000001,0.0776785714285718
hybrid_naive,0.0,True,5,59,0.012358732083449423,0.6310125504667177,1.1749133807273944,0.054782401881162845,0.915139215790077,97.0,9.8,0.7100000000000002,0.07395833333333357
hybrid_naive,0.0,True,5,76,0.01252998800478885,0.621567506107431,1.200580248205914,0.06474219166932975,1.2522416377872674,105.0,10.6,0.8400000000000002,0.08076923076923101
hybrid_naive,0.0,True,5,93,0.022653485311970274,0.5283973261988927,1.1818740945640538,0.061188394034479,1.8577250459796324,118.0,11.8,1.0300000000000005,0.08728813559322074
hybrid_naive,0.0,True,5,110,0.018154644973320547,0.5473425953925714,1.1855407555667323,0.055813025841750165,1.2968456943289544,110.0,11.0,0.9300000000000003,0.08454545454545484
hybrid_naive,0.0,True,5,127,0.02375971216966463,0.5660581439815189,1.1844397489414153,0.06414654087138988,1.2422056548212508,103.0,10.4,0.8900000000000002,0.08627450980392189
hybrid_naive,0.0,True,5,144,0.015690894778240604,0.5955807473176798,1.19704664868806,0.06467975282156745,1.2385306542475185,116.0,11.6,1.0200000000000002,0.08793103448275891
hybrid_naive,0.0,True,5,161,0.016872310063467094,0.49955226336637654,1.1701930495525958,0.05781549251240662,1.2964674608419582,82.0,8.2,0.6900000000000001,0.08414634146341507
hybrid_naive,0.0,True,5,178,0.023496311701780587,0.5577304323273489,1.1859262729615725,0.061061637628484045,1.9106602780532378,117.0,11.8,1.0300000000000002,0.08879310344827623
hybrid_naive,0.0,True,5,195,0.01819151887045534,0.496284526643278,1.1903402138750154,0.06444624828080049,1.3072243850120229,129.0,13.0,0.9600000000000002,0.07500000000000026
hybrid_naive,0.0,True,5,212,0.015807613463652836,0.39879611535144494,1.175236702437863,0.05735528209345273,1.483033812735473,115.0,11.6,0.9300000000000003,0.07982456140350896
hybrid_naive,0.0,True,5,229,0.025189270137881893,0.5709690242289306,1.1767640594103503,0.062271025225963283,1.996339265459804,97.0,9.8,0.8300000000000003,0.07916666666666701
hybrid_naive,0.0,True,5,246,0.01504491874151039,0.543596608430167,1.1843382072646993,0.06053471153066562,1.3457895840295542,104.0,10.4,0.8700000000000003,0.08365384615384643
hybrid_naive,0.0,True,5,263,0.01658311627644522,0.5817478964024265,1.196220699520796,0.06478653079157831,1.3624203867183082,108.0,11.0,0.8300000000000001,0.07547169811320786
hybrid_naive,0.0,True,5,280,0.02012852071681505,0.5454838968598004,1.1739400693182684,0.057550327912541305,1.391169829529697,108.0,10.8,0.9500000000000004,0.0879629629629633
hybrid_naive,0.0,True,5,297,0.019914034106033745,0.6650933331967589,1.1826973329626675,0.05815065034359765,1.3654276970447472,114.0,11.4,0.8500000000000002,0.07456140350877223
hybrid_naive,0.0,True,5,314,0.018402791806670864,0.46299698610623,1.1873932312088207,0.05344574535417816,1.2089448568736665,114.0,11.4,0.9200000000000002,0.08070175438596508
hybrid_naive,0.0,True,5,331,0.018149071006942307,0.5276218013009155,1.1698927055615993,0.059754639058068174,1.1636128028246837,120.0,12.0,0.9600000000000002,0.08000000000000028
hybrid_naive,0.0,True,5,348,0.01698317696726613,0.588026404963851,1.1732451584774461,0.061138159122329484,1.6739063250223596,96.0,9.6,0.7500000000000002,0.07812500000000025
hybrid_naive,0.0,True,5,365,0.01689405636301953,0.45988124895760635,1.1850923334191905,0.06231542982655975,1.6714390110216124,112.0,11.2,1.0000000000000002,0.08928571428571454
hybrid_proposed,0.0,True,5,42,0.019877206191045826,0.5040673817965369,1.1697526678691026,0.06622911440687179,1.6319681706470746,0.0,0.0,0.0,0.0
hybrid_proposed,0.0,True,5,59,0.012579765876428405,0.6151516970299639,1.1718536598739546,0.061094672528916476,1.0359932426877259,0.0,0.0,0.0,0.0
hybrid_proposed,0.0,True,5,76,0.0126343661808885,0.6084886188906345,1.1770029961303,0.06372632333505197,1.2611652732472325,0.0,0.0,0.0,0.0
hybrid_proposed,0.0,True,5,93,0.022418109884624064,0.5225207744117786,1.1691890775310043,0.06525799658688144,1.8226354417235913,0.0,0.0,0.0,0.0
hybrid_proposed,0.0,True,5,110,0.017539684466313023,0.5486811944390939,1.1793155855851687,0.06534878471906722,1.2789812992898155,0.0,0.0,0.0,0.0
hybrid_proposed,0.0,True,5,127,0.019533593504812378,0.5542473095381939,1.1668738610484801,0.06634983682463919,1.2516129262515872,0.0,0.0,0.0,0.0
hybrid_proposed,0.0,True,5,144,0.015470736340069013,0.6045351645833833,1.2113954793144486,0.0720191165284319,1.2385306542475185,0.0,0.0,0.0,0.0
hybrid_proposed,0.0,True,5,161,0.016174806335168077,0.49935689725202376,1.1656313933140496,0.06251237868281931,1.2964674608419582,0.0,0.0,0.0,0.0
hybrid_proposed,0.0,True,5,178,0.023338789875587466,0.5500381648314172,1.179436261905995,0.06928056892407908,1.9201610323074714,0.0,0.0,0.0,0.0
hybrid_proposed,0.0,True,5,195,0.01594620318504678,0.49083580131905247,1.1786998114468188,0.06837397334902366,1.319682607015197,0.0,0.0,0.0,0.0
hybrid_proposed,0.0,True,5,212,0.013730581958440267,0.4001596427782029,1.1733253494666676,0.06267409551151662,1.483033812735473,0.0,0.0,0.0,0.0
hybrid_proposed,0.0,True,5,229,0.02596998166941523,0.5614648570222457,1.1681254796356362,0.06227987319868359,1.9938590251792099,0.0,0.0,0.0,0.0
hybrid_proposed,0.0,True,5,246,0.015050985156963301,0.5404665930091698,1.1670905600023358,0.06446708114833512,1.3457895840295542,0.0,0.0,0.0,0.0
hybrid_proposed,0.0,True,5,263,0.01695186477364325,0.5649991926263327,1.1687020758693079,0.06424620149236501,1.2798063484279036,0.0,0.0,0.0,0.0
hybrid_proposed,0.0,True,5,280,0.021828697044718647,0.5467714632567383,1.1681019565121082,0.06319683714280105,1.391169829529697,0.0,0.0,0.0,0.0
hybrid_proposed,0.0,True,5,297,0.020913784525415934,0.6422974530182745,1.1808613417185136,0.06365661433441942,1.3654276970447472,0.0,0.0,0.0,0.0
hybrid_proposed,0.0,True,5,314,0.01752843503278047,0.4654014538420797,1.1797583910331848,0.06219977487142768,1.2089448568736665,0.0,0.0,0.0,0.0
hybrid_proposed,0.0,True,5,331,0.015070863302834284,0.5331742265775754,1.1709670610884872,0.06375079282316061,1.1777499130487743,0.0,0.0,0.0,0.0
hybrid_proposed,0.0,True,5,348,0.015407639033094318,0.5764348019668897,1.1737345601357783,0.0624617134761824,1.6739063250223596,0.0,0.0,0.0,0.0
hybrid_proposed,0.0,True,5,365,0.01758184050565556,0.45196520787113365,1.1693329111570498,0.06570999224577369,1.6714390110216124,0.0,0.0,0.0,0.0
