sigma,baseline,common_mode_fraction,seed,final_error,mean_error,transient_error,steady_error,min_dist,any_collision
0.04,hybrid_proposed,0.6,100,0.1340413624298157,0.6792216981120326,1.3894251666245279,0.14834615712796462,1.798310867075079,0.0
0.04,hybrid_proposed,0.6,123,0.13485286683824338,0.6382512508637014,1.386028448524827,0.13504756470793988,1.848287171687491,0.0
0.04,hybrid_proposed,0.6,146,0.13279770492245488,0.7590386455377195,1.4019132244444774,0.13578401107123636,1.4611263791489142,0.0
0.04,hybrid_proposed,0.6,169,0.13385548387291712,0.6133717148648138,1.3766562547652135,0.1373898582763374,1.8365635983288966,0.0
0.04,hybrid_proposed,0.6,192,0.13343853197191916,0.814171605093816,1.392672610947382,0.13474714173650185,1.2813108398825503,0.0
0.04,hybrid_proposed,0.6,215,0.13482780236709802,0.7324836371374734,1.3966804840897828,0.1402626605335042,1.5747117769372625,0.0
0.04,hybrid_proposed,0.6,238,0.13499444697283067,0.6708684067210363,1.392887603384692,0.1387667175463527,1.5053643562385242,0.0
0.04,hybrid_proposed,0.6,261,0.13397015781591373,0.7403570744085047,1.4065280147170034,0.13732841311177876,1.3863447566533156,0.0
0.04,hybrid_proposed,0.6,284,0.13513710741990909,0.6898665904116679,1.3977691699188863,0.1422167461017634,1.8132938523110937,0.0
0.04,hybrid_proposed,0.6,307,0.13202992329678995,0.7356720627446307,1.3761891237869401,0.14314198391342992,1.3066275712318436,0.0
0.04,hybrid_proposed,0.6,330,0.13511818277251733,0.9719052362319304,1.4120217773496158,0.14718170341753467,1.3006891241844352,0.0
0.04,hybrid_proposed,0.6,353,0.13199312232992588,0.7696059143658843,1.3753210827699436,0.1367168781857592,1.305321380814496,0.0
0.04,hybrid_proposed,0.6,376,0.12975361792502668,0.8155517384464112,1.3707070847429166,0.135099690148213,0.9985975781955095,0.0
0.04,hybrid_proposed,0.6,399,0.1351053523426283,0.7213711904271973,1.4032916925143808,0.1405460306519523,1.5040887954192028,0.0
0.04,hybrid_proposed,0.6,422,0.13339862676620579,0.7760370660446525,1.4025646445516355,0.13469021995395034,1.03474669293725,0.0
0.04,hybrid_proposed,0.6,445,0.13422448018806887,0.741088011291927,1.401662471166303,0.1362708461955085,1.652914033261024,0.0
0.04,hybrid_proposed,0.6,468,0.13496847384426003,0.6751477557971377,1.39504634779625,0.14101518720913703,1.8041918459056028,0.0
0.04,hybrid_proposed,0.6,491,0.1343921916633656,0.7036137890211746,1.3911142938642955,0.13838664390087987,1.6025384586295914,0.0
0.04,hybrid_proposed,0.6,514,0.13070240404229588,0.7631475421589621,1.3811482133580855,0.13492338632960768,0.9675207550443145,0.0
0.04,hybrid_proposed,0.6,537,0.13268481744430047,0.7154405218466195,1.3891342300770508,0.13315373931926824,1.288470008623164,0.0
0.04,centralized,0.6,100,0.17142538869690377,0.6985211883098832,1.3997929783386787,0.1785433661531444,1.8022897763615866,0.0
0.04,centralized,0.6,123,0.17014018281029508,0.6605698919852742,1.378864883729772,0.15918556989721183,1.8311172419703956,0.0
0.04,centralized,0.6,146,0.16623705698078511,0.7781075178739558,1.3977424702957668,0.15967874401929305,1.461349533912485,0.0
0.04,centralized,0.6,169,0.1685942833345486,0.6313655711838003,1.3716001295002729,0.16264687232304081,1.8367303776273576,0.0
0.04,centralized,0.6,192,0.16793648844582557,0.8270601109750916,1.3924490181139335,0.15882702997349357,1.2878105932150634,0.0
0.04,centralized,0.6,215,0.170374333003212,0.7501858709331856,1.4074140939133215,0.16906820254632787,1.6050674660759725,0.0
0.04,centralized,0.6,238,0.17208391543139526,0.6878381633931134,1.3945172832619237,0.16484288572272635,1.5030176160763427,0.0
0.04,centralized,0.6,261,0.16840958766927985,0.7516490586518194,1.417338007435298,0.16449972622125958,1.3861450653910152,0.0
0.04,centralized,0.6,284,0.17157429322013867,0.710086446954296,1.4068574436917711,0.17065740269573276,1.7406141403539206,0.0
0.04,centralized,0.6,307,0.16767402847448953,0.7568717557777516,1.372237164984797,0.16983415885611947,1.2297201396403,0.0
0.04,centralized,0.6,330,0.17021542902372447,0.987401849586849,1.4188066620575406,0.17534257270574236,1.3147304065685756,0.0
0.04,centralized,0.6,353,0.16019044657840933,0.8102971836535902,1.368915557290666,0.16037872939767897,1.01470934180511,0.0
0.04,centralized,0.6,376,0.15940084582386085,0.8283902470685726,1.3619666590357298,0.1579469057824412,1.0794746389800214,0.0
0.04,centralized,0.6,399,0.16935503943425723,0.7389791978955771,1.4087790136874887,0.1659695825163719,1.5044815866767145,0.0
0.04,centralized,0.6,422,0.16676389693286373,0.7936927214255516,1.3990461644114758,0.15821638181902892,0.9596193356659833,0.0
0.04,centralized,0.6,445,0.17117822408266725,0.7614353853902519,1.40322890584465,0.1614570647539237,1.6528001348418888,0.0
0.04,centralized,0.6,468,0.17266378477417652,0.6923770152402778,1.4008330050925748,0.16842810662343105,1.765827211676324,0.0
0.04,centralized,0.6,491,0.1703578327599582,0.7173630747569159,1.395118947151468,0.16546082338304247,1.5883095911888652,0.0
0.04,centralized,0.6,514,0.1598284452212849,0.7872861671713731,1.3745886594411112,0.15968670248659744,0.8632910531741149,0.0
0.04,centralized,0.6,537,0.16477474024169544,0.7353570884783736,1.38424319662496,0.15684789691818363,1.2697519565723618,0.0
0.04,decentralized,0.6,100,1.5144031145621109,1.609288564619697,2.149516400143391,1.6314420695686693,1.6878863883565884,0.0
0.04,decentralized,0.6,123,1.630414661222002,1.6176333705541817,2.0024622932535148,1.6614504832644736,1.7124855086120523,0.0
0.04,decentralized,0.6,146,1.590819777368799,1.7273791779242316,1.8781543900161384,1.6392654334479615,1.4611833298271006,0.0
0.04,decentralized,0.6,169,1.5964164961511471,1.5506775936843797,1.9205361581662388,1.545017908620777,1.8076939154806502,0.0
0.04,decentralized,0.6,192,1.4528055535139937,1.8327950389688543,2.0738268187126354,1.3162356345014659,1.3107251652543113,0.0
0.04,decentralized,0.6,215,1.436306119352203,1.7264154683178947,2.1871661484730023,1.5506544466765468,1.522411022186783,0.0
0.04,decentralized,0.6,238,1.5019013424484697,1.7084463442035949,2.072191944330655,1.5171817810019386,1.5054512955629853,0.0
0.04,decentralized,0.6,261,1.669575980344581,1.7474173450617139,2.29428787615212,1.8061050811253134,1.3394421171501991,0.0
0.04,decentralized,0.6,284,1.5677872055430808,1.666645379368257,2.1005910595565687,1.6468246525016625,1.609191326165687,0.0
0.04,decentralized,0.6,307,1.5157223947867302,1.767928373451735,2.157019286158211,1.5814666110676632,1.3417740295771208,0.0
0.04,decentralized,0.6,330,1.451015901768479,2.077742122288425,2.443125710433271,1.6231112393303617,1.3147280829591197,0.0
0.04,decentralized,0.6,353,1.464799878719547,1.8115270871987215,1.981131936065256,1.4977890018000677,1.4522935568040003,0.0
0.04,decentralized,0.6,376,1.3899507747580337,1.7998654698214542,2.0349274650882094,1.2915983547706331,1.1660137572561788,0.0
0.04,decentralized,0.6,399,1.5692597644369275,1.7596139279551977,2.080364500184377,1.550010360823658,1.4981392506731255,0.0
0.04,decentralized,0.6,422,1.6001190651149058,1.7865340092604896,1.9409027332969564,1.6115649275563388,1.4319207841573938,0.0
0.04,decentralized,0.6,445,1.591721736565384,1.7342829919401823,2.0597816685671058,1.6103640022205483,1.353804436842541,0.0
0.04,decentralized,0.6,468,1.5183754850904887,1.6964750945877882,2.1027558279678207,1.5691717291367118,1.5800520950701595,0.0
0.04,decentralized,0.6,491,1.5900487736199391,1.729118968598363,2.059145759745018,1.6461751260388855,1.5780517283583324,0.0
0.04,decentralized,0.6,514,1.398654899027178,1.7878571318166872,2.1655197364794536,1.4891932776772914,1.020183987021249,0.0
0.04,decentralized,0.6,537,1.46132358208294,1.6931993411802841,2.032085635428897,1.5364633956730003,1.297501759582619,0.0
0.5,hybrid_proposed,0.6,100,0.1338812770775045,0.6795008298214417,1.3896227999715376,0.14846332277210378,1.8020265450404043,0.0
0.5,hybrid_proposed,0.6,123,0.13411685290486083,0.637135794772544,1.386452524509479,0.13496520110427218,1.848287171687491,0.0
0.5,hybrid_proposed,0.6,146,0.13334668260939164,0.7677116401848042,1.3988319501395328,0.1353467062710656,1.4611263791489142,0.0
0.5,hybrid_proposed,0.6,169,0.13339561775879819,0.6137902588698467,1.3776083481945296,0.13810050952001512,1.8365635983288966,0.0
0.5,hybrid_proposed,0.6,192,0.13401621182432774,0.8160183932734266,1.3927417029368345,0.13552032295928929,1.3106380739524373,0.0
0.5,hybrid_proposed,0.6,215,0.1268727081822216,0.7347894521392349,1.396102376168509,0.13856433529156503,1.6216497261740286,0.0
0.5,hybrid_proposed,0.6,238,0.13708256460906398,0.6730659229995595,1.3942095990058818,0.1438165668308595,1.5053643562385242,0.0
0.5,hybrid_proposed,0.6,261,0.1328389564130908,0.7508946295451053,1.4094484581501552,0.14051856738071877,1.3863447566533156,0.0
0.5,hybrid_proposed,0.6,284,0.13865458352972448,0.6926428121104865,1.3977758992841975,0.15389598915568992,1.8047751681145066,0.0
0.5,hybrid_proposed,0.6,307,0.1318831457241365,0.7461028376224579,1.3730752374277424,0.1468363137020544,1.3417084212032606,0.0
0.5,hybrid_proposed,0.6,330,0.13541128106137423,0.9774568714775567,1.4114799239171594,0.14814592208293076,1.3146214900681807,0.0
0.5,hybrid_proposed,0.6,353,0.13103349555118865,0.7751602593542295,1.3797581567743376,0.136817460045489,1.3289973370998602,0.0
0.5,hybrid_proposed,0.6,376,0.13073843995837434,0.828915290937098,1.3684935460811958,0.13825248264449094,1.228407755822913,0.0
0.5,hybrid_proposed,0.6,399,0.13618946373718183,0.7221176813119363,1.4029916006069871,0.1432136165275965,1.5040887954192028,0.0
0.5,hybrid_proposed,0.6,422,0.13214703699582686,0.7797620898986592,1.3999758197319958,0.1358441976596769,1.0583493561105075,0.0
0.5,hybrid_proposed,0.6,445,0.13550717610189658,0.7433008364532123,1.4031808081410906,0.13917716391635057,1.652914033261024,0.0
0.5,hybrid_proposed,0.6,468,0.13593002878465582,0.6767239536884594,1.3963293920906878,0.1460715487635758,1.8171235032475788,0.0
0.5,hybrid_proposed,0.6,491,0.13446616298886097,0.7105346593525811,1.3943909103294245,0.14194553808367058,1.606789832258521,0.0
0.5,hybrid_proposed,0.6,514,0.13442067569727506,0.7772828443532529,1.3850671004744168,0.13939102001544731,1.1273850359583828,0.0
0.5,hybrid_proposed,0.6,537,0.13289706654826614,0.7258180697398601,1.3842768930720113,0.13447600544923882,1.297087612001327,0.0
0.5,centralized,0.6,100,0.17142538869690377,0.6985211883098832,1.3997929783386787,0.1785433661531444,1.8022897763615866,0.0
0.5,centralized,0.6,123,0.17014018281029508,0.6605698919852742,1.378864883729772,0.15918556989721183,1.8311172419703956,0.0
0.5,centralized,0.6,146,0.16623705698078511,0.7781075178739558,1.3977424702957668,0.15967874401929305,1.461349533912485,0.0
0.5,centralized,0.6,169,0.1685942833345486,0.6313655711838003,1.3716001295002729,0.16264687232304081,1.8367303776273576,0.0
0.5,centralized,0.6,192,0.16793648844582557,0.8270601109750916,1.3924490181139335,0.15882702997349357,1.2878105932150634,0.0
0.5,centralized,0.6,215,0.170374333003212,0.7501858709331856,1.4074140939133215,0.16906820254632787,1.6050674660759725,0.0
0.5,centralized,0.6,238,0.17208391543139526,0.6878381633931134,1.3945172832619237,0.16484288572272635,1.5030176160763427,0.0
0.5,centralized,0.6,261,0.16840958766927985,0.7516490586518194,1.417338007435298,0.16449972622125958,1.3861450653910152,0.0
0.5,centralized,0.6,284,0.17157429322013867,0.710086446954296,1.4068574436917711,0.17065740269573276,1.7406141403539206,0.0
0.5,centralized,0.6,307,0.16767402847448953,0.7568717557777516,1.372237164984797,0.16983415885611947,1.2297201396403,0.0
0.5,centralized,0.6,330,0.17021542902372447,0.987401849586849,1.4188066620575406,0.17534257270574236,1.3147304065685756,0.0
0.5,centralized,0.6,353,0.16019044657840933,0.8102971836535902,1.368915557290666,0.16037872939767897,1.01470934180511,0.0
0.5,centralized,0.6,376,0.15940084582386085,0.8283902470685726,1.3619666590357298,0.1579469057824412,1.0794746389800214,0.0
0.5,centralized,0.6,399,0.16935503943425723,0.7389791978955771,1.4087790136874887,0.1659695825163719,1.5044815866767145,0.0
0.5,centralized,0.6,422,0.16676389693286373,0.7936927214255516,1.3990461644114758,0.15821638181902892,0.9596193356659833,0.0
0.5,centralized,0.6,445,0.17117822408266725,0.7614353853902519,1.40322890584465,0.1614570647539237,1.6528001348418888,0.0
0.5,centralized,0.6,468,0.17266378477417652,0.6923770152402778,1.4008330050925748,0.16842810662343105,1.765827211676324,0.0
0.5,centralized,0.6,491,0.1703578327599582,0.7173630747569159,1.395118947151468,0.16546082338304247,1.5883095911888652,0.0
0.5,centralized,0.6,514,0.1598284452212849,0.7872861671713731,1.3745886594411112,0.15968670248659744,0.8632910531741149,0.0
0.5,centralized,0.6,537,0.16477474024169544,0.7353570884783736,1.38424319662496,0.15684789691818363,1.2697519565723618,0.0
0.5,decentralized,0.6,100,2.2548521027334067,1.9512384803455107,2.3122639046753686,2.4417977817921077,1.5797063442656138,0.0
0.5,decentralized,0.6,123,2.7287662663349455,2.1965961357510957,2.5724593090241608,2.8394389687594734,1.579379810651594,0.0
0.5,decentralized,0.6,146,1.9569547260322853,2.118057943367205,2.3180739502316086,2.2247051424191,1.4611833298271006,0.0
0.5,decentralized,0.6,169,2.0240207154311354,1.883319922037465,2.2140344056990657,2.11573492384338,1.650364283848654,0.0
0.5,decentralized,0.6,192,2.2161539266693886,2.499766213018548,2.8769147017549925,2.4679181063162927,1.3107251652543113,0.0
0.5,decentralized,0.6,215,1.825781146608167,2.0757411666458494,2.5999581160721097,2.1700496396408826,1.558513138041342,0.0
0.5,decentralized,0.6,238,2.2506235290625507,2.1564573806504628,2.5706443252882116,2.2404205786537905,1.3623459655844024,0.0
0.5,decentralized,0.6,261,2.1382369677253203,2.097396983589116,2.790016844903613,2.2359675594131176,1.3866207172791365,0.0
0.5,decentralized,0.6,284,2.3450150131122776,1.8709629075172178,2.214679104630461,2.2290458103916984,1.4011858095424574,0.0
0.5,decentralized,0.6,307,2.35426072977345,2.4277037419544167,2.7641034354688236,2.8548084234281577,1.3417740295771208,0.0
0.5,decentralized,0.6,330,1.9751142938297765,2.2681433545843843,2.539464050450173,2.1680023302475284,1.3147280829591197,0.0
0.5,decentralized,0.6,353,2.2147331408782875,2.1624534836977136,2.5525697891460406,1.866658078005169,1.6690476888837957,0.0
0.5,decentralized,0.6,376,1.768496480471081,2.1301952006461957,2.5391800423335216,1.7019748149814113,1.271225934750978,0.0
0.5,decentralized,0.6,399,1.9648204066516646,2.096995380775222,2.5419362620227686,2.134565007080987,1.504157279171594,0.0
0.5,decentralized,0.6,422,2.712010834536108,2.351032644801097,2.4414408823566074,2.6249550610132495,1.4065914549730485,0.0
0.5,decentralized,0.6,445,2.1231406716236765,1.9271774249886822,2.2666074738755815,2.092980873898321,1.5881137132712462,0.0
0.5,decentralized,0.6,468,2.4379946173132487,2.353668656149961,2.849214455289225,2.8194198265762465,1.6871078445823158,0.0
0.5,decentralized,0.6,491,2.6033484656228025,2.5141902661723488,2.8729877555469177,3.0744119243396337,1.6092646552584633,0.0
0.5,decentralized,0.6,514,2.106939969241997,2.0622378349252792,2.5716248034221847,1.9169032122169547,1.090352941781341,0.0
0.5,decentralized,0.6,537,1.3290560217163068,1.9367625156276218,2.3035069267692267,1.8772885522147347,1.297501759582619,0.0
1.5,hybrid_proposed,0.6,100,0.1372258279514445,0.6862079540700189,1.3747050134316003,0.16123456225985516,1.8420413115987733,0.0
1.5,hybrid_proposed,0.6,123,0.14398485659126226,0.6723502451515224,1.408492628927184,0.1586281093599116,1.8180144303958123,0.0
1.5,hybrid_proposed,0.6,146,0.14808648890952125,0.7870361043672944,1.4079296238677264,0.1537384385993743,1.4611263791489142,0.0
1.5,hybrid_proposed,0.6,169,0.1366123752426433,0.6350046535864523,1.3961537522815501,0.16347753829274028,1.8365635983288966,0.0
1.5,hybrid_proposed,0.6,192,0.14447478348598244,0.8539478283088324,1.4050720391968001,0.16059603228434768,1.3105716452859784,0.0
1.5,hybrid_proposed,0.6,215,0.1504900318103241,0.758968215045423,1.4214734653882557,0.17021557788429026,1.6552109111721138,0.0
1.5,hybrid_proposed,0.6,238,0.13512217811420063,0.675536320259869,1.3887693816621667,0.13537023861183056,1.5053643562385242,0.0
1.5,hybrid_proposed,0.6,261,0.1444702312163017,0.795322035163709,1.4262249835559098,0.16160497938289686,1.3863447566533156,0.0
1.5,hybrid_proposed,0.6,284,0.14602553247037703,0.7282823417002172,1.4098721581314317,0.1720858953707221,1.8222847851885675,0.0
1.5,hybrid_proposed,0.6,307,0.12278716159882125,0.7712103067857986,1.4045890263879617,0.1757395044786352,1.3415444807217873,0.0
1.5,hybrid_proposed,0.6,330,0.12127632657960115,1.0594639760895472,1.434794830720188,0.18840414155521518,1.2387481037621164,0.0
1.5,hybrid_proposed,0.6,353,0.1256860284562882,0.8100403232540637,1.3882272112754215,0.18324352332127827,1.3305088887770238,0.0
1.5,hybrid_proposed,0.6,376,0.13293327194616728,0.8570292131505163,1.4123279635935584,0.15270753487628214,1.0968433948979799,0.0
1.5,hybrid_proposed,0.6,399,0.1082725416689227,0.7477343870459126,1.4275779485317097,0.1573719425534594,1.5040887954192028,0.0
1.5,hybrid_proposed,0.6,422,0.16375379438736792,0.83019616961593,1.419576067592117,0.1918002401208514,0.9268841882890194,0.0
1.5,hybrid_proposed,0.6,445,0.14013501861753042,0.7851332567681297,1.428674238677733,0.17473668692415162,1.652914033261024,0.0
1.5,hybrid_proposed,0.6,468,0.12881597311481754,0.7230468522215158,1.4290656055534199,0.1878258127723737,1.7689630813503128,0.0
1.5,hybrid_proposed,0.6,491,0.11055325162533831,0.7330192082101763,1.3927343241096737,0.15113605548990475,1.6070352380029431,0.0
1.5,hybrid_proposed,0.6,514,0.15837980780788322,0.796294423468722,1.4015518823644302,0.1645472512406612,1.1007572451354666,0.0
1.5,hybrid_proposed,0.6,537,0.14866711628777585,0.7847235208145555,1.4279626835872028,0.20516594148401987,1.290741559442158,0.0
1.5,centralized,0.6,100,0.17142538869690377,0.6985211883098832,1.3997929783386787,0.1785433661531444,1.8022897763615866,0.0
1.5,centralized,0.6,123,0.17014018281029508,0.6605698919852742,1.378864883729772,0.15918556989721183,1.8311172419703956,0.0
1.5,centralized,0.6,146,0.16623705698078511,0.7781075178739558,1.3977424702957668,0.15967874401929305,1.461349533912485,0.0
1.5,centralized,0.6,169,0.1685942833345486,0.6313655711838003,1.3716001295002729,0.16264687232304081,1.8367303776273576,0.0
1.5,centralized,0.6,192,0.16793648844582557,0.8270601109750916,1.3924490181139335,0.15882702997349357,1.2878105932150634,0.0
1.5,centralized,0.6,215,0.170374333003212,0.7501858709331856,1.4074140939133215,0.16906820254632787,1.6050674660759725,0.0
1.5,centralized,0.6,238,0.17208391543139526,0.6878381633931134,1.3945172832619237,0.16484288572272635,1.5030176160763427,0.0
1.5,centralized,0.6,261,0.16840958766927985,0.7516490586518194,1.417338007435298,0.16449972622125958,1.3861450653910152,0.0
1.5,centralized,0.6,284,0.17157429322013867,0.710086446954296,1.4068574436917711,0.17065740269573276,1.7406141403539206,0.0
1.5,centralized,0.6,307,0.16767402847448953,0.7568717557777516,1.372237164984797,0.16983415885611947,1.2297201396403,0.0
1.5,centralized,0.6,330,0.17021542902372447,0.987401849586849,1.4188066620575406,0.17534257270574236,1.3147304065685756,0.0
1.5,centralized,0.6,353,0.16019044657840933,0.8102971836535902,1.368915557290666,0.16037872939767897,1.01470934180511,0.0
1.5,centralized,0.6,376,0.15940084582386085,0.8283902470685726,1.3619666590357298,0.1579469057824412,1.0794746389800214,0.0
1.5,centralized,0.6,399,0.16935503943425723,0.7389791978955771,1.4087790136874887,0.1659695825163719,1.5044815866767145,0.0
1.5,centralized,0.6,422,0.16676389693286373,0.7936927214255516,1.3990461644114758,0.15821638181902892,0.9596193356659833,0.0
1.5,centralized,0.6,445,0.17117822408266725,0.7614353853902519,1.40322890584465,0.1614570647539237,1.6528001348418888,0.0
1.5,centralized,0.6,468,0.17266378477417652,0.6923770152402778,1.4008330050925748,0.16842810662343105,1.765827211676324,0.0
1.5,centralized,0.6,491,0.1703578327599582,0.7173630747569159,1.395118947151468,0.16546082338304247,1.5883095911888652,0.0
1.5,centralized,0.6,514,0.1598284452212849,0.7872861671713731,1.3745886594411112,0.15968670248659744,0.8632910531741149,0.0
1.5,centralized,0.6,537,0.16477474024169544,0.7353570884783736,1.38424319662496,0.15684789691818363,1.2697519565723618,0.0
1.5,decentralized,0.6,100,3.9487072577863356,2.614503305262813,2.903339164996258,3.7166744326243677,1.8027100825312317,0.0
1.5,decentralized,0.6,123,5.033365087839445,3.2095973643570432,3.652663334422325,4.805991480523872,1.882234367722082,0.0
1.5,decentralized,0.6,146,3.559701622994543,2.9990806174289046,3.2733554851178983,3.6836623519335223,1.4611833298271006,0.0
1.5,decentralized,0.6,169,3.6451282721537503,3.0312565113419785,3.687906206097548,3.7788588539441634,1.836620078314897,0.0
1.5,decentralized,0.6,192,4.82620047963157,4.055447643305332,4.843796813550333,5.113125901010518,1.3107251652543113,0.0
1.5,decentralized,0.6,215,3.2537526223859614,2.673316799212924,3.118283405619829,3.3831218029249186,1.632792850135212,0.0
1.5,decentralized,0.6,238,4.240550016733089,3.3398505733959616,4.1108939967501525,4.083367966289684,1.5054512955629853,0.0
1.5,decentralized,0.6,261,4.041924552288312,3.0405731082857463,3.9201240279316196,3.8580991172408643,1.3866207172791365,0.0
1.5,decentralized,0.6,284,4.8544082791250815,2.8202867510328447,3.143375173920928,4.198798770585308,1.8223739247331567,0.0
1.5,decentralized,0.6,307,4.95259345381083,3.6259237547172223,3.993140140394821,5.1278225950817475,1.3417740295771208,0.0
1.5,decentralized,0.6,330,3.6849096091831592,3.1044818291599077,3.201084265412813,3.735208755490409,1.3129178618921444,0.0
1.5,decentralized,0.6,353,4.288545753042208,3.30147436423773,3.983391517975108,3.7944134152648803,1.6996727198436439,0.0
1.5,decentralized,0.6,376,3.3142759721233244,2.97789017454859,3.5840401576501124,3.1515431835855723,1.254907090479327,0.0
1.5,decentralized,0.6,399,3.858410076045358,3.0029574243945887,3.631516375557721,3.887647202524969,1.504157279171594,0.0
1.5,decentralized,0.6,422,5.1884345955835,3.50919049463614,3.677707957738824,4.76309450523898,1.320959590621856,0.0
1.5,decentralized,0.6,445,4.076918063093294,2.736178035920863,3.154625558554087,3.7065235986911484,1.6529939035320658,0.0
1.5,decentralized,0.6,468,4.9906854907946725,3.4165472844318243,3.952485143069668,5.018127525268877,1.7021509461836548,0.0
1.5,decentralized,0.6,491,5.480445282860511,3.96700768157119,4.580669141655809,5.663742354628759,1.6092646552584633,0.0
1.5,decentralized,0.6,514,3.776918371696822,3.0285320290462416,3.834625296285933,3.502919088046195,1.059537436766587,0.0
1.5,decentralized,0.6,537,2.9268174001451177,2.901734778906181,3.4301296409477113,3.54229230468409,1.2972240698776432,0.0
2.5,hybrid_proposed,0.6,100,0.15548891752702265,0.7038442717462028,1.3968044903993013,0.16918198921227498,1.8146872168503965,0.0
2.5,hybrid_proposed,0.6,123,0.12723093943948147,0.6697897094815414,1.4364038101080998,0.16128506848882537,1.8485204403713007,0.0
2.5,hybrid_proposed,0.6,146,0.14079736871117055,0.80326313559392,1.4475608165735023,0.1769743594253077,1.4611263791489142,0.0
2.5,hybrid_proposed,0.6,169,0.14780008425579394,0.6491280766928351,1.4121140754789783,0.1654957838467263,1.7778964491979548,0.0
2.5,hybrid_proposed,0.6,192,0.15404508604322042,0.8830037178112148,1.4245753392167553,0.18582025951937592,1.310511629286869,0.0
2.5,hybrid_proposed,0.6,215,0.11893770788335983,0.7705492569734784,1.4265936574456797,0.16365163445455036,1.5498912671011407,0.0
2.5,hybrid_proposed,0.6,238,0.12683928652211368,0.682443628252778,1.4021097819197335,0.1369764200403547,1.5053643562385242,0.0
2.5,hybrid_proposed,0.6,261,0.1422818576456453,0.7754579818419551,1.440066282242057,0.16746451080614316,1.3863447566533156,0.0
2.5,hybrid_proposed,0.6,284,0.12202454703266485,0.6941083585360275,1.3893490656704701,0.15181881887816648,1.8222847851885675,0.0
2.5,hybrid_proposed,0.6,307,0.15238452418987614,0.7648331830892376,1.3837647680000364,0.18164236340823603,1.3107730620282485,0.0
2.5,hybrid_proposed,0.6,330,0.1197285626938608,1.0033489900103494,1.4359317501097006,0.16066480755089163,1.242205805199104,0.0
2.5,hybrid_proposed,0.6,353,0.14736866282476613,0.8142303784370608,1.4090037502708568,0.20131292979869925,1.3625042667688159,0.0
2.5,hybrid_proposed,0.6,376,0.16005668358674874,0.8581313046069439,1.3873509087206688,0.17308645617997814,0.9221751310894911,0.0
2.5,hybrid_proposed,0.6,399,0.14188778711894795,0.7431955346404027,1.4333925854438687,0.16126141102051383,1.5040887954192028,0.0
2.5,hybrid_proposed,0.6,422,0.1158873118929693,0.8156760938813121,1.4232973567469318,0.17586225840215047,0.9742406104268907,0.0
2.5,hybrid_proposed,0.6,445,0.14311459839093213,0.7714850041285267,1.4158553384580221,0.16899163997017166,1.652887209232006,0.0
2.5,hybrid_proposed,0.6,468,0.14485480559895872,0.7038369709181396,1.410241739242109,0.16606472997047395,1.8702573886456204,0.0
2.5,hybrid_proposed,0.6,491,0.14525216229998286,0.7251470520894708,1.3916267018713766,0.15983699006216076,1.5697963856449477,0.0
2.5,hybrid_proposed,0.6,514,0.12705767928467188,0.7876021819220275,1.374781917703824,0.14732624375730466,0.9909044672301401,0.0
2.5,hybrid_proposed,0.6,537,0.1277118288568891,0.7308875418651272,1.3916615646037889,0.1286856123123724,1.294288049900711,0.0
2.5,centralized,0.6,100,0.17142538869690377,0.6985211883098832,1.3997929783386787,0.1785433661531444,1.8022897763615866,0.0
2.5,centralized,0.6,123,0.17014018281029508,0.6605698919852742,1.378864883729772,0.15918556989721183,1.8311172419703956,0.0
2.5,centralized,0.6,146,0.16623705698078511,0.7781075178739558,1.3977424702957668,0.15967874401929305,1.461349533912485,0.0
2.5,centralized,0.6,169,0.1685942833345486,0.6313655711838003,1.3716001295002729,0.16264687232304081,1.8367303776273576,0.0
2.5,centralized,0.6,192,0.16793648844582557,0.8270601109750916,1.3924490181139335,0.15882702997349357,1.2878105932150634,0.0
2.5,centralized,0.6,215,0.170374333003212,0.7501858709331856,1.4074140939133215,0.16906820254632787,1.6050674660759725,0.0
2.5,centralized,0.6,238,0.17208391543139526,0.6878381633931134,1.3945172832619237,0.16484288572272635,1.5030176160763427,0.0
2.5,centralized,0.6,261,0.16840958766927985,0.7516490586518194,1.417338007435298,0.16449972622125958,1.3861450653910152,0.0
2.5,centralized,0.6,284,0.17157429322013867,0.710086446954296,1.4068574436917711,0.17065740269573276,1.7406141403539206,0.0
2.5,centralized,0.6,307,0.16767402847448953,0.7568717557777516,1.372237164984797,0.16983415885611947,1.2297201396403,0.0
2.5,centralized,0.6,330,0.17021542902372447,0.987401849586849,1.4188066620575406,0.17534257270574236,1.3147304065685756,0.0
2.5,centralized,0.6,353,0.16019044657840933,0.8102971836535902,1.368915557290666,0.16037872939767897,1.01470934180511,0.0
2.5,centralized,0.6,376,0.15940084582386085,0.8283902470685726,1.3619666590357298,0.1579469057824412,1.0794746389800214,0.0
2.5,centralized,0.6,399,0.16935503943425723,0.7389791978955771,1.4087790136874887,0.1659695825163719,1.5044815866767145,0.0
2.5,centralized,0.6,422,0.16676389693286373,0.7936927214255516,1.3990461644114758,0.15821638181902892,0.9596193356659833,0.0
2.5,centralized,0.6,445,0.17117822408266725,0.7614353853902519,1.40322890584465,0.1614570647539237,1.6528001348418888,0.0
2.5,centralized,0.6,468,0.17266378477417652,0.6923770152402778,1.4008330050925748,0.16842810662343105,1.765827211676324,0.0
2.5,centralized,0.6,491,0.1703578327599582,0.7173630747569159,1.395118947151468,0.16546082338304247,1.5883095911888652,0.0
2.5,centralized,0.6,514,0.1598284452212849,0.7872861671713731,1.3745886594411112,0.15968670248659744,0.8632910531741149,0.0
2.5,centralized,0.6,537,0.16477474024169544,0.7353570884783736,1.38424319662496,0.15684789691818363,1.2697519565723618,0.0
2.5,decentralized,0.6,100,5.154581562212413,3.0944666342025715,3.402289561395968,4.5920090348352955,1.786237721219842,0.0
2.5,decentralized,0.6,123,6.693402546408548,3.7262260415940216,4.028813440243625,6.011290822431289,1.869651601219118,0.0
2.5,decentralized,0.6,146,4.963798291088744,3.5909295276668485,3.8490192983687916,4.8003790944969555,1.4611833298271006,0.0
2.5,decentralized,0.6,169,5.158054690127199,3.688523513307549,4.378809476073472,5.005846960426262,1.8357009017413564,0.0
2.5,decentralized,0.6,192,6.792629101381889,4.975089508875148,5.848064159892817,6.874142398187268,1.3107251652543113,0.0
2.5,decentralized,0.6,215,4.209928460327476,3.168977023176249,3.630515317766623,4.209139337096033,1.6325366294703898,0.0
2.5,decentralized,0.6,238,5.8753947705087,4.053264400429078,4.8289815291382405,5.511692146098807,1.5054512955629853,0.0
2.5,decentralized,0.6,261,5.215485766732357,3.627241606777427,4.572376850549691,4.857186087320825,1.3866207172791365,0.0
2.5,decentralized,0.6,284,6.191435095819701,3.177521605808565,3.3898096682793617,5.126781633757397,1.820522387268724,0.0
2.5,decentralized,0.6,307,6.5732008754013815,4.381086352045748,4.791484279624995,6.524473271391186,1.3417740295771208,0.0
2.5,decentralized,0.6,330,5.092625858758444,3.6876262432755595,3.7121235375121078,4.905139980884932,1.3147280829591197,0.0
2.5,decentralized,0.6,353,5.832869556120074,3.9076127390538526,4.537607771994202,5.111130289726413,1.7081920679337073,0.0
2.5,decentralized,0.6,376,4.39259841562147,3.335028345702804,3.927930274739073,3.9235607421783167,1.3066679540893513,0.0
2.5,decentralized,0.6,399,5.362800303682286,3.538176150121912,4.040696807499867,5.143434456773376,1.504157279171594,0.0
2.5,decentralized,0.6,422,7.093420719799408,4.169840006985774,4.149600392477098,6.292593804853966,1.3564739974784905,0.0
2.5,decentralized,0.6,445,4.913381613859206,2.9992256924517515,3.3962497340926667,4.298620364573918,1.6529939035320658,0.0
2.5,decentralized,0.6,468,6.673813451127641,3.8794313773020987,4.273275906078059,6.297669420355227,1.888672427746459,0.0
2.5,decentralized,0.6,491,7.790112663413221,4.817291530872478,5.369427107746187,7.467238643716518,1.6039600073258244,0.0
2.5,decentralized,0.6,514,5.27467392681329,3.579775920871819,4.270067778157579,4.808555150476947,1.1130656891463944,0.0
2.5,decentralized,0.6,537,3.994542893333695,3.341046068015049,3.8530152339971426,4.442311458080351,1.296117405930087,0.0
