time,x,y,vx,vy,target_x
7.152557373046875e-07,-0.021755305817350745,-0.0016035079024732113,-0.021268362179398537,-0.0035565877333283424,5.0
0.06552910804748535,-0.022020361619070172,-0.002260080073028803,-0.02309495024383068,-0.0029001389630138874,5.0
0.11627435684204102,-0.02214974584057927,-0.002851419150829315,-0.019924255087971687,-0.006222072057425976,5.0
0.1669902801513672,-0.022231072187423706,-0.003244023770093918,-0.009975486434996128,-0.0038129815366119146,5.0
0.21771001815795898,-0.02205796306952834,-0.0033946195617318153,0.002611967734992504,0.006239703856408596,5.0
0.26844167709350586,-0.020739711355417967,-0.003301125019788742,0.01881529949605465,0.015546385198831558,5.0
0.31914734840393066,-0.018105782615748467,-0.002723783254623413,0.047918837517499924,0.021091962233185768,5.0
0.3699615001678467,-0.013771214056760073,-0.00154973566532135,0.09511281549930573,0.028884435072541237,5.0
0.4207112789154053,-0.0070825424045324326,0.00015500839799642563,0.15560327470302582,0.04221080243587494,5.0
0.4714658260345459,0.0030958373099565506,0.002036572899669409,0.22566711902618408,0.054171279072761536,5.0
0.5221679210662842,0.017326761037111282,0.004321437794715166,0.3103850483894348,0.05933671072125435,5.0
0.5729072093963623,0.036191899329423904,0.007086929865181446,0.4148006737232208,0.06192239373922348,5.0
0.6236398220062256,0.060279399156570435,0.010202303063124418,0.5331459045410156,0.06960955262184143,5.0
0.674382209777832,0.09003230184316635,0.013143569696694613,0.6570591926574707,0.07718890905380249,5.0
0.7251157760620117,0.12630996853113174,0.016167077235877514,0.7901178598403931,0.07559849321842194,5.0
0.7759814262390137,0.16958608478307724,0.019317351281642914,0.9363878965377808,0.06924088299274445,5.0
0.8267040252685547,0.22003410011529922,0.022357123903930187,1.0874826908111572,0.0665719285607338,5.0
0.8773744106292725,0.27692338079214096,0.0249647693708539,1.2330080270767212,0.0639951154589653,5.0
0.9281249046325684,0.34108661860227585,0.027263578958809376,1.3768728971481323,0.0549783930182457,5.0
0.9787938594818115,0.41272353380918503,0.029375185258686543,1.5259180068969727,0.04418480396270752,5.0
1.029473066329956,0.49165915697813034,0.03120673354715109,1.673987627029419,0.03894417732954025,5.0
1.080129861831665,0.5780787989497185,0.03277409169822931,1.8162895441055298,0.03561700880527496,5.0
1.1308159828186035,0.6700689718127251,0.03404357377439737,1.9531548023223877,0.02756718546152115,5.0
1.1814947128295898,0.769354872405529,0.03511619474738836,2.093524694442749,0.01722094416618347,5.0
1.2327477931976318,0.8757651373744011,0.03596555907279253,2.235809087753296,0.011284695006906986,5.0
1.2836203575134277,0.9880043193697929,0.03662815224379301,2.3717899322509766,0.009758600033819675,5.0
1.3344497680664062,1.1062182113528252,0.03722927812486887,2.5005900859832764,0.005909907631576061,5.0
1.3851535320281982,1.2292897626757622,0.03770297486335039,2.6265580654144287,-0.002425426384434104,5.0
1.4359488487243652,1.3611067458987236,0.03800238762050867,2.7538347244262695,-0.009996828623116016,5.0
1.4866576194763184,1.4981744214892387,0.03801132086664438,2.8668746948242188,-0.01365843415260315,5.0
1.5372719764709473,1.640113465487957,0.037710090167820454,2.9613595008850098,-0.02042919583618641,5.0
1.5879461765289307,1.7871946021914482,0.037043546326458454,3.0448062419891357,-0.03220248594880104,5.0
1.638582706451416,1.9385179206728935,0.03604653012007475,3.1178946495056152,-0.04042878374457359,5.0
1.6892430782318115,2.0925894901156425,0.03479830268770456,3.17075252532959,-0.042166341096162796,5.0
1.7399272918701172,2.2486966773867607,0.03334609139710665,3.2013330459594727,-0.045436691492795944,5.0
1.7906944751739502,2.406623713672161,0.031646243296563625,3.218193292617798,-0.05335371941328049,5.0
1.8413951396942139,2.568115584552288,0.0297209108248353,3.2242259979248047,-0.05801713839173317,5.0
1.8921358585357666,2.7268406078219414,0.027781871147453785,3.212911367416382,-0.0565015934407711,5.0
1.9427971839904785,2.8847464248538017,0.025802298448979855,3.1802256107330322,-0.05512161925435066,5.0
1.9934430122375488,3.041138283908367,0.023695525713264942,3.132859706878662,-0.059267085045576096,5.0
2.0440917015075684,3.195166938006878,0.021486331708729267,3.0763633251190186,-0.06387963145971298,5.0
2.0947768688201904,3.3466056510806084,0.019148167222738266,3.006547451019287,-0.06346476823091507,5.0
2.145401954650879,3.4947501346468925,0.016618981026113033,2.9184622764587402,-0.06271552294492722,5.0
2.19602370262146,3.638404719531536,0.013872588984668255,2.8167366981506348,-0.06717688590288162,5.0
2.2466647624969482,3.7768589183688164,0.01101333973929286,2.7076480388641357,-0.07204645127058029,5.0
2.2973151206970215,3.9106124565005302,0.008148547261953354,2.5877466201782227,-0.07066735625267029,5.0
2.347963333129883,4.038906447589397,0.005269216941087507,2.451533079147339,-0.06585431098937988,5.0
2.3986105918884277,4.159982077777386,0.0023525517899543047,2.3020198345184326,-0.06417084485292435,5.0
2.449352264404297,4.273361079394817,-0.00042948825284838676,2.1487808227539062,-0.06436088681221008,5.0
2.5001120567321777,4.380225531756878,-0.0028681494295597076,1.9947205781936646,-0.059296488761901855,5.0
2.5508358478546143,4.480177275836468,-0.005024106241762638,1.8341584205627441,-0.049359031021595,5.0
2.601562261581421,4.654402129352093,-0.00877783726900816,1.5039418935775757,-0.039909981191158295,5.0
2.652834892272949,4.654402129352093,-0.00877783726900816,1.5039418935775757,-0.039909981191158295,5.0
2.702996015548706,4.800302855670452,-0.011478138156235218,1.1966522932052612,-0.028048543259501457,5.0
2.754298210144043,4.861495368182659,-0.012714349664747715,1.0396958589553833,-0.02313566580414772,5.0
2.8050923347473145,4.861495368182659,-0.012714349664747715,1.0396958589553833,-0.02313566580414772,5.0
2.8552486896514893,4.9613355323672295,-0.014799405820667744,0.7480784058570862,-0.027270006015896797,5.0
2.9065589904785156,5.001973979175091,-0.01573303248733282,0.6112232208251953,-0.022500963881611824,5.0
2.957340717315674,5.034967295825481,-0.016762549988925457,0.47461748123168945,-0.01932111568748951,5.0
3.0081534385681152,5.060836665332317,-0.017727491445839405,0.34975412487983704,-0.021736640483140945,5.0
3.0588982105255127,5.081817500293255,-0.0184693681076169,0.24425150454044342,-0.02151574194431305,5.0
3.109602689743042,5.098380915820599,-0.01908076461404562,0.15072974562644958,-0.015261348336935043,5.0
3.1603970527648926,5.111011378467083,-0.019627916626632214,0.06571752578020096,-0.009138345718383789,5.0
3.211080551147461,5.117507807910442,-0.01998001430183649,-0.003857787698507309,-0.0064964438788592815,5.0
3.2617971897125244,5.122451178729534,-0.019825496710836887,-0.0533161535859108,-0.003022762481123209,5.0
3.312485456466675,5.124831549823284,-0.01933803502470255,-0.0900048017501831,0.005729846190661192,5.0
3.3631885051727295,5.124626033008099,-0.01864045951515436,-0.12114433199167252,0.015211068093776703,5.0
3.4138898849487305,5.122489802539349,-0.017693388275802135,-0.14477990567684174,0.019322659820318222,5.0
3.4647979736328125,5.120568625628948,-0.016449247486889362,-0.15503224730491638,0.020425627008080482,5.0
3.5154972076416016,5.117723815143108,-0.014939459972083569,-0.15631142258644104,0.02686591073870659,5.0
3.5661780834198,5.1139658614993095,-0.01331926230341196,-0.15823079645633698,0.03461408242583275,5.0
3.6169655323028564,5.109678141772747,-0.011587887071073055,-0.15954777598381042,0.035811278969049454,5.0
3.6676251888275146,5.105923525989056,-0.009783809073269367,-0.15302643179893494,0.032685983926057816,5.0
3.718385934829712,5.102063052356243,-0.007985036820173264,-0.14189296960830688,0.03341061994433403,5.0
3.7691938877105713,5.097984664142132,-0.00632605142891407,-0.13417240977287292,0.03585090488195419,5.0
3.8200292587280273,5.093960635364056,-0.004800513386726379,-0.12769748270511627,0.032700419425964355,5.0
3.8708443641662598,5.090658538043499,-0.003298572264611721,-0.11502031981945038,0.026766706258058548,5.0
3.9216363430023193,5.087699763476849,-0.0018981252796947956,-0.0997808426618576,0.025603177025914192,5.0
3.9723427295684814,5.084813944995403,-0.0006696456111967564,-0.08919880539178848,0.02710152417421341,5.0
4.0230700969696045,5.082150332629681,0.0003803460858762264,-0.08241045475006104,0.023811331018805504,5.0
4.073845624923706,5.0804294273257256,0.0011860504746437073,-0.07142877578735352,0.016219597309827805,5.0
4.124541997909546,5.079024665057659,0.0018309892620891333,-0.05707473307847977,0.012594410218298435,5.0
4.1753411293029785,5.0777014419436455,0.0023078816011548042,-0.04695703089237213,0.01433621533215046,5.0
4.2261269092559814,5.076568953692913,0.0026717090513557196,-0.04264774173498154,0.01382753998041153,5.0
4.276853322982788,5.076083056628704,0.002870845142751932,-0.037105727940797806,0.008997739292681217,5.0
4.327540397644043,5.075697772204876,0.003052499145269394,-0.02826806530356407,0.00671702716499567,5.0
4.37825083732605,5.075199954211712,0.0031695361249148846,-0.022902801632881165,0.008259084075689316,5.0
4.428984880447388,5.074662081897259,0.0031674704514443874,-0.023484088480472565,0.007723774295300245,5.0
4.479796886444092,5.074536196887493,0.0028161874506622553,-0.02397649735212326,0.0013958219205960631,5.0
4.5307371616363525,5.074363104999065,0.0023109077010303736,-0.02027250826358795,-0.005113856866955757,5.0
4.5814948081970215,5.073934905230999,0.0016574994660913944,-0.016880348324775696,-0.006890417076647282,5.0
4.632202863693237,5.0733727142214775,0.0008033621124923229,-0.01813534088432789,-0.007840498350560665,5.0
4.682999849319458,5.073152892291546,-0.00042322929948568344,-0.019957546144723892,-0.013307576067745686,5.0
4.733711004257202,5.072955004870892,-0.001770521979779005,-0.016544831916689873,-0.019800467416644096,5.0
4.784562826156616,5.072620742022991,-0.0031304145231842995,-0.010015664622187614,-0.020095322281122208,5.0
4.835273265838623,5.072288386523724,-0.0045590028166770935,-0.008200254291296005,-0.017567098140716553,5.0
4.886118173599243,5.072479598224163,-0.006202314980328083,-0.008676941506564617,-0.01983501762151718,5.0
4.9369378089904785,5.072811000049114,-0.007807162590324879,-0.004236334934830666,-0.023868592455983162,5.0
4.987765312194824,5.073056571185589,-0.009285922162234783,0.0024926098994910717,-0.021633999422192574,5.0
5.038471221923828,5.073282591998577,-0.010684867389500141,0.003310249652713537,-0.01588493026793003,5.0
5.089189767837524,5.073752276599407,-0.012251677922904491,0.0006468679057434201,-0.015384539030492306,5.0
5.1398584842681885,5.074241988360882,-0.013687402941286564,0.002926015527918935,-0.017757050693035126,5.0
5.190480709075928,5.074583403766155,-0.014896838925778866,0.007621873635798693,-0.014145665802061558,5.0
5.241146802902222,5.074852339923382,-0.015918261371552944,0.007403238210827112,-0.006433188449591398,5.0
5.291830539703369,5.075331561267376,-0.017091241665184498,0.0029049909207969904,-0.002454940462484956,5.0
5.342475414276123,5.07573639601469,-0.018010946922004223,0.0003926081699319184,-0.0014724149368703365,5.0
5.393120288848877,5.075880877673626,-0.018508869223296642,0.001106757903471589,0.0029838981572538614,5.0
5.443774700164795,5.075741164386272,-0.018668939359486103,-0.0012815854279324412,0.012084300629794598,5.0
5.494502782821655,5.07558523863554,-0.01891650352627039,-0.008876673877239227,0.01871359907090664,5.0
5.545267343521118,5.075249545276165,-0.018899607472121716,-0.01524384692311287,0.02001863345503807,5.0
5.5960259437561035,5.074624411761761,-0.018502713181078434,-0.016717327758669853,0.021062590181827545,5.0
5.646708011627197,5.073577754199505,-0.01783281099051237,-0.0203708466142416,0.02815674990415573,5.0
5.697441577911377,5.072429530322552,-0.01754592638462782,-0.02953878603875637,0.03322431445121765,5.0
5.748215675354004,5.071086756885052,-0.017144140787422657,-0.03627733141183853,0.031419433653354645,5.0
5.798984050750732,5.069500796496868,-0.016442389227449894,-0.03555179387331009,0.029943738132715225,5.0
5.849668025970459,5.067680709064007,-0.015593095682561398,-0.03476927801966667,0.033713050186634064,5.0
5.900346755981445,5.066118113696575,-0.015405003912746906,-0.03858979791402817,0.035903412848711014,5.0
5.951135158538818,5.06463085860014,-0.015240480192005634,-0.0408533550798893,0.031971801072359085,5.0
6.001931667327881,5.061420790851116,-0.01432820875197649,-0.03311594948172569,0.028847945854067802,5.0
6.053268194198608,5.061420790851116,-0.01432820875197649,-0.03311594948172569,0.028847945854067802,5.0
6.1033995151519775,5.059890620410442,-0.014344337396323681,-0.033833347260951996,0.029342828318476677,5.0
6.154153823852539,5.057333342730999,-0.014771792106330395,-0.029808083549141884,0.021070539951324463,5.0
6.205393075942993,5.0560740157961845,-0.014681034721434116,-0.02445252239704132,0.022964000701904297,5.0
6.256107568740845,5.054962985217571,-0.014944120310246944,-0.024945780634880066,0.026093652471899986,5.0
6.306775808334351,5.054060332477093,-0.015425424091517925,-0.027369188144803047,0.02352498658001423,5.0
6.357447862625122,5.053187243640423,-0.015657040290534496,-0.025071922689676285,0.01842140033841133,5.0
6.4082159996032715,5.052224509418011,-0.015742472372949123,-0.02043754979968071,0.018019624054431915,5.0
6.458896636962891,5.051294200122356,-0.016243928112089634,-0.019225845113396645,0.019825739786028862,5.0
6.509562730789185,5.0505665466189384,-0.017049706541001797,-0.020140893757343292,0.017483796924352646,5.0
6.560324192047119,5.050032965838909,-0.017668400891125202,-0.016676705330610275,0.011661814525723457,5.0
6.61103081703186,5.049582354724407,-0.018137524835765362,-0.009040141478180885,0.0093357739970088,5.0
6.6616950035095215,5.049304358661175,-0.018958582542836666,-0.0042328499257564545,0.011620614677667618,5.0
6.712445020675659,5.049323908984661,-0.020028638653457165,-0.004392564296722412,0.012254978530108929,5.0
6.763208627700806,5.04956042021513,-0.020858089439570904,-0.003122860798612237,0.00920795276761055,5.0
6.814022779464722,5.0498412773013115,-0.02141364011913538,0.0021697054617106915,0.007005770690739155,5.0
6.864765882492065,5.050093047320843,-0.022204001434147358,0.004584120586514473,0.01030845008790493,5.0
6.9154253005981445,5.050423972308636,-0.023200337775051594,0.00044409933616407216,0.012802736833691597,5.0
6.966256141662598,5.050781600177288,-0.023945963941514492,-0.003270454704761505,0.010340787470340729,5.0
7.017024278640747,5.050967566668987,-0.02437326218932867,-0.0017561224522069097,0.009439155459403992,5.0
7.06780219078064,5.050992839038372,-0.024931290186941624,-0.0016635677311569452,0.013933977112174034,5.0
7.118551969528198,5.0510057136416435,-0.025636657141149044,-0.007216149475425482,0.017181217670440674,5.0
7.169271945953369,5.050994746387005,-0.026103290729224682,-0.011486661620438099,0.014904148876667023,5.0
7.219900608062744,5.050815932452679,-0.026254228316247463,-0.00983294378966093,0.013985107652842999,5.0
7.270633697509766,5.050521247088909,-0.026533442549407482,-0.009705538861453533,0.018160203471779823,5.0
7.3213417530059814,5.050211302936077,-0.026942170225083828,-0.01482055988162756,0.02140362560749054,5.0
7.372068643569946,5.049861781299114,-0.027181155048310757,-0.019338421523571014,0.018868567422032356,5.0
7.42277455329895,5.049367301166058,-0.027233670465648174,-0.0188393983989954,0.01436539739370346,5.0
7.473493814468384,5.048812739551067,-0.027556980960071087,-0.017045967280864716,0.013444007374346256,5.0
7.524201154708862,5.04828392714262,-0.028205196373164654,-0.01995079033076763,0.013950704596936703,5.0
7.575013875961304,5.0476816818118095,-0.028884372673928738,-0.025694184005260468,0.009864832274615765,5.0
7.625777959823608,5.046921603381634,-0.029517787508666515,-0.027642056345939636,0.0026560344267636538,5.0
7.676531553268433,5.046059004962444,-0.030366036109626293,-0.02527587115764618,0.00024005140585359186,5.0
7.727338552474976,5.0451844856143,-0.03149200137704611,-0.027639832347631454,0.0021829279139637947,5.0
7.778258323669434,5.044215075671673,-0.032636440359055996,-0.03353907912969589,0.0001558260410092771,5.0
7.8290300369262695,5.043116442859173,-0.03362013678997755,-0.034094009548425674,-0.004401181824505329,5.0
7.879814147949219,5.042062155902386,-0.03461344446986914,-0.030280189588665962,-0.0031234226189553738,5.0
7.930520296096802,5.041099898517132,-0.03565948735922575,-0.030690407380461693,0.002985247178003192,5.0
7.9812376499176025,5.040113799273968,-0.03654512297362089,-0.034707047045230865,0.005274803843349218,5.0
