time,drone_id,sitl_x,sitl_y,sitl_vx,sitl_vy
0.0,0.0,0.0,-0.01817658044440232,-0.03,-0.02
0.0,1.0,-2.5961654552118367,-3.126371578132477,0.0,0.06
0.0,2.0,-2.585070730912877,2.926429208742335,0.05,0.14
0.1,0.0,0.0,-0.01817658044440232,-0.02,0.0
0.1,1.0,-2.5961654552118367,-3.126371578132477,0.02,0.09
0.1,2.0,-2.4,3.0,0.0,0.0
0.2,0.0,0.2,0.0,0.0,0.0
0.2,1.0,-2.3,-3.0,0.0,0.0
0.2,2.0,-2.3,3.0,0.0,0.0
0.3,0.0,0.0,-0.01817658044440232,-0.02,0.0
0.3,1.0,-2.585070730912877,-3.117283289201799,0.05,0.13
0.3,2.0,-2.585070730912877,2.9355174976730125,0.06,0.12
0.4,0.0,0.0,-0.01817658044440232,-0.01,0.0
0.4,1.0,-2.585070730912877,-3.108195000271122,0.08,0.14
0.4,2.0,-2.5739760074022446,2.9446057866036894,0.07,0.11
0.5,0.0,0.0,-0.01817658044440232,0.01,0.0
0.5,1.0,-2.5739760074022446,-3.0991067113404447,0.12,0.14
0.5,2.0,-2.562881283103285,2.953694078117415,0.09,0.08
0.6,0.0,0.01109472429895988,-0.01817658044440232,0.08,0.02
0.6,1.0,-2.562881283103285,-3.0900184198267193,0.18,0.12
0.6,2.0,-2.540691834505365,2.962782367048092,0.16,0.07
0.7,0.0,0.01109472429895988,-0.01817658044440232,0.17,0.03
0.7,1.0,-2.540691834505365,-3.080930130896042,0.27,0.11
0.7,2.0,-2.518502385907445,2.9809589449094474,0.24,0.04
0.8,0.0,0.03328417289687964,-0.009088288930677549,0.28,0.04
0.8,1.0,-2.496312938097853,-3.0627535530346868,0.37,0.07
0.8,2.0,-2.485218213798893,2.9809589449094474,0.35,0.03
0.9,0.0,0.0776630693043916,-0.009088288930677549,0.38,0.05
0.9,1.0,-2.4519340409020134,-3.0536652615209623,0.47,0.05
0.9,2.0,-2.4519340409020134,2.9991355253538496,0.44,0.0
1.0,0.0,0.11094724220127124,-0.009088288930677549,0.48,0.04
1.0,1.0,-2.3964604201955417,-3.035488683659607,0.56,0.02
1.0,2.0,-2.3964604201955417,3.008223814284527,0.54,-0.01
1.1,0.0,0.16642086290774305,-0.009088288930677549,0.56,0.04
1.1,1.0,-2.34098679948907,-3.035488683659607,0.64,0.0
1.1,2.0,-2.32989207519011,3.008223814284527,0.62,-0.03
1.2,0.0,0.23298920791317476,0.0,0.65,0.04
1.2,1.0,-2.274418454483638,-3.035488683659607,0.71,-0.02
1.2,2.0,-2.274418454483638,3.008223814284527,0.69,-0.04
1.3,0.0,0.2995575529186065,0.0,0.71,0.03
1.3,1.0,-2.1967553851792463,-3.035488683659607,0.78,-0.04
1.3,2.0,-2.1967553851792463,3.008223814284527,0.74,-0.06
1.4,0.0,0.37722062222299807,0.0,0.78,0.03
1.4,1.0,-2.1079975923642227,-3.035488683659607,0.83,-0.06
1.4,2.0,-2.119092315874855,3.008223814284527,0.8,-0.07
1.5,0.0,0.45488369073906215,0.0,0.83,0.02
1.5,1.0,-2.0303345230598313,-3.035488683659607,0.88,-0.07
1.5,2.0,-2.0303345230598313,3.008223814284527,0.84,-0.09
1.6,0.0,0.5436414843424136,0.0,0.89,0.02
1.6,1.0,-1.9415767294564794,-3.035488683659607,0.91,-0.07
1.6,2.0,-1.9415767294564794,2.9991355253538496,0.89,-0.09
1.7,0.0,0.632399277945765,0.009088288930677549,0.93,0.02
1.7,1.0,-1.8417242123424957,-3.035488683659607,0.95,-0.08
1.7,2.0,-1.8528189358531282,2.9991355253538496,0.92,-0.1
1.8,0.0,0.7322517950597488,0.009088288930677549,0.96,0.02
1.8,1.0,-1.7418716944401846,-3.035488683659607,0.97,-0.08
1.8,2.0,-1.7640611430381044,2.990047233840125,0.94,-0.1
1.9,0.0,0.8321043129620601,0.009088288930677549,0.99,0.02
1.9,1.0,-1.653113900836833,-3.0445769725902845,0.98,-0.08
1.9,2.0,-1.6642086251357928,2.9809589449094474,0.95,-0.1
2.0,0.0,0.931956830076044,0.009088288930677549,1.01,0.01
2.0,1.0,-1.5532613837228493,-3.0445769725902845,0.98,-0.08
2.0,2.0,-1.5643561080218091,2.9809589449094474,0.97,-0.09
2.1,0.0,1.0318093479783554,0.009088288930677549,1.01,0.01
2.1,1.0,-1.4534088658205377,-3.0536652615209623,0.98,-0.08
2.1,2.0,-1.4645035901194976,2.97187065597877,0.97,-0.09
2.2,0.0,1.1316618650923391,0.009088288930677549,1.01,0.0
2.2,1.0,-1.353556348706554,-3.0536652615209623,0.97,-0.07
2.2,2.0,-1.3757457965161461,2.97187065597877,0.97,-0.08
2.3,0.0,1.2426091072936103,0.009088288930677549,1.01,0.0
2.3,1.0,-1.2537038308042425,-3.0627535530346868,0.98,-0.07
2.3,2.0,-1.2758932794021625,2.962782367048092,0.97,-0.07
2.4,0.0,1.3424616244075942,0.009088288930677549,1.01,-0.01
2.4,1.0,-1.1538513136902588,-3.0627535530346868,0.97,-0.06
2.4,2.0,-1.1760407614998512,2.962782367048092,0.98,-0.06
2.5,0.0,1.4423141423099055,0.009088288930677549,1.0,-0.01
2.5,1.0,-1.0539987957879475,-3.0627535530346868,0.98,-0.05
2.5,2.0,-1.0761882443858672,2.962782367048092,0.97,-0.06
2.6,0.0,1.5532613837228493,0.009088288930677549,0.99,-0.01
2.6,1.0,-0.9541462786739637,-3.0627535530346868,0.97,-0.05
2.6,2.0,-0.9763357264835559,2.953694078117415,0.98,-0.05
2.7,0.0,1.6531139016251604,0.009088288930677549,0.99,-0.01
2.7,1.0,-0.8542937607716523,-3.071841841965364,0.99,-0.04
2.7,2.0,-0.8764832093695722,2.953694078117415,0.98,-0.04
2.8,0.0,1.7529664187391445,0.009088288930677549,0.97,-0.02
2.8,1.0,-0.7544412436576686,-3.071841841965364,0.99,-0.02
2.8,2.0,-0.7766306914672608,2.953694078117415,0.99,-0.02
2.9,0.0,1.8528189366414556,0.009088288930677549,0.97,-0.02
2.9,1.0,-0.6545887257553573,-3.071841841965364,1.0,-0.01
2.9,2.0,-0.676778174353277,2.953694078117415,0.99,-0.02
3.0,0.0,1.9415767294564794,0.009088288930677549,0.95,-0.03
3.0,1.0,-0.5547362086413735,-3.0627535530346868,0.99,0.0
3.0,2.0,-0.5769256564509656,2.953694078117415,0.99,-0.01
3.1,0.0,2.041429247358791,0.0,0.96,-0.03
3.1,1.0,-0.45488369073906215,-3.0627535530346868,1.0,0.0
3.1,2.0,-0.47707313933698187,2.953694078117415,0.99,0.0
3.2,0.0,2.1412817644727746,0.0,0.95,-0.04
3.2,1.0,-0.3550311736250783,-3.0627535530346868,0.99,0.0
3.2,2.0,-0.37722062143467056,2.962782367048092,0.99,0.0
3.3,0.0,2.241134282375086,-0.009088288930677549,0.96,-0.03
3.3,1.0,-0.25517865572276693,-3.0627535530346868,0.99,0.0
3.3,2.0,-0.2884628286196466,2.962782367048092,0.98,0.0
3.4,0.0,2.34098679948907,-0.009088288930677549,0.96,-0.03
3.4,1.0,-0.1553261386087832,-3.0627535530346868,0.98,0.0
3.4,2.0,-0.18861031071733528,2.962782367048092,0.99,0.0
3.5,0.0,2.440839317391381,-0.009088288930677549,0.96,-0.02
3.5,1.0,-0.06656834500543171,-3.0627535530346868,0.98,0.0
3.5,2.0,-0.08875779281502391,2.962782367048092,0.99,0.0
3.6,0.0,2.5406918352936927,-0.01817658044440232,0.96,-0.01
3.6,1.0,0.03328417289687964,-3.0627535530346868,0.97,0.0
3.6,2.0,0.01109472429895988,2.962782367048092,1.0,0.0
3.7,0.0,2.640544352407676,-0.01817658044440232,0.96,0.0
3.7,1.0,0.13313669001086342,-3.0627535530346868,0.98,0.01
3.7,2.0,0.11094724220127124,2.962782367048092,1.0,0.0
3.8,0.0,2.729302146011028,-0.01817658044440232,0.95,0.01
3.8,1.0,0.23298920791317476,-3.0627535530346868,0.98,0.01
3.8,2.0,0.21079975931525502,2.962782367048092,1.01,0.0
3.9,0.0,2.8291546631250117,-0.01817658044440232,0.95,0.02
3.9,1.0,0.3328417250271586,-3.0536652615209623,0.99,0.01
3.9,2.0,0.3106522772175664,2.962782367048092,1.01,0.0
4.0,0.0,2.929007181027323,-0.009088288930677549,0.94,0.03
4.0,1.0,0.4326942429294699,-3.0536652615209623,0.99,0.02
4.0,2.0,0.4105047943315501,2.962782367048092,1.01,0.0
4.1,0.0,3.0288596981413067,-0.009088288930677549,0.95,0.03
4.1,1.0,0.5325467600434537,-3.0536652615209623,1.01,0.01
4.1,2.0,0.5103573122338615,2.962782367048092,1.0,0.0
4.2,0.0,3.1287122160436183,-0.009088288930677549,0.95,0.03
4.2,1.0,0.6213045536468051,-3.0536652615209623,1.0,0.01
4.2,2.0,0.6213045536468051,2.962782367048092,1.0,0.0
4.3,0.0,3.228564733157602,-0.009088288930677549,0.96,0.02
4.3,1.0,0.7211570715491166,-3.0536652615209623,1.01,0.01
4.3,2.0,0.7211570715491166,2.962782367048092,1.0,0.0
4.4,0.0,3.3284172510599133,-0.009088288930677549,0.97,0.02
4.4,1.0,0.8210095886631003,-3.0445769725902845,1.0,0.01
4.4,2.0,0.8099148643641404,2.962782367048092,1.0,0.01
4.5,0.0,3.4282697681738967,-0.009088288930677549,0.98,0.01
4.5,1.0,0.931956830076044,-3.0445769725902845,1.0,0.01
4.5,2.0,0.9097673822664517,2.962782367048092,1.0,0.01
4.6,0.0,3.5281222860762087,-0.009088288930677549,0.98,0.02
4.6,1.0,1.0207146236793956,-3.0445769725902845,1.0,0.01
4.6,2.0,1.0096198993804357,2.962782367048092,1.0,0.01
4.7,0.0,3.6279748031901917,-0.009088288930677549,0.98,0.01
4.7,1.0,1.120567141581707,-3.0445769725902845,1.0,0.0
4.7,2.0,1.109472417282747,2.962782367048092,1.0,0.01
4.8,0.0,3.7278273210925037,-0.009088288930677549,0.99,0.01
4.8,1.0,1.2204196586956906,-3.0445769725902845,0.99,0.0
4.8,2.0,1.2093249343967307,2.962782367048092,1.0,0.0
4.9,0.0,3.827679838206487,-0.009088288930677549,0.99,0.0
4.9,1.0,1.320272176598002,-3.0445769725902845,0.99,0.0
4.9,2.0,1.309177452299042,2.962782367048092,0.99,0.0
5.0,0.0,3.9386270804077586,-0.009088288930677549,1.0,0.0
5.0,1.0,1.4201246937119858,-3.0445769725902845,0.99,0.0
5.0,2.0,1.409029969413026,2.962782367048092,1.0,0.0
5.1,0.0,4.038479597521743,-0.009088288930677549,1.01,0.0
5.1,1.0,1.519977211614297,-3.0445769725902845,0.99,0.0
5.1,2.0,1.5088824873153373,2.962782367048092,1.0,0.0
5.2,0.0,4.1383321154240535,-0.009088288930677549,1.01,0.0
5.2,1.0,1.6198297287282808,-3.0445769725902845,1.0,0.0
5.2,2.0,1.608735004429321,2.962782367048092,1.01,0.0
5.3,0.0,4.2381846325380375,-0.009088288930677549,1.01,0.0
5.3,1.0,1.7196822466305923,-3.0445769725902845,1.0,0.0
5.3,2.0,1.7085875223316325,2.962782367048092,1.01,0.01
5.4,0.0,4.349131874739308,-0.009088288930677549,1.01,0.0
5.4,1.0,1.819534763744576,-3.0445769725902845,1.01,0.0
5.4,2.0,1.7973453159349837,2.962782367048092,1.02,0.01
5.5,0.0,4.448984391853292,-0.009088288930677549,1.0,0.0
5.5,1.0,1.9193872816468873,-3.0445769725902845,1.01,0.0
5.5,2.0,1.8971978330489676,2.962782367048092,1.01,0.02
5.6,0.0,4.548836909755604,-0.009088288930677549,1.0,0.0
5.6,1.0,2.0192397987608715,-3.0445769725902845,1.02,0.01
5.6,2.0,2.0081450744619116,2.97187065597877,1.02,0.02
5.7,0.0,4.659784151168547,-0.009088288930677549,0.99,0.0
5.7,1.0,2.1190923166631825,-3.0445769725902845,1.02,0.01
5.7,2.0,2.096902868065263,2.97187065597877,1.01,0.04
5.8,0.0,4.759636669070859,-0.009088288930677549,0.98,0.0
5.8,1.0,2.218944833777166,-3.0445769725902845,1.03,0.01
5.8,2.0,2.207850109478206,2.97187065597877,1.01,0.03
5.9,0.0,4.859489186184843,-0.009088288930677549,0.97,-0.01
5.9,1.0,2.3187973516794775,-3.0445769725902845,1.03,0.02
5.9,2.0,2.3077026273805177,2.97187065597877,1.01,0.04
6.0,0.0,4.959341704087153,-0.009088288930677549,0.97,-0.01
6.0,1.0,2.4186498687934614,-3.0445769725902845,1.04,0.02
6.0,2.0,2.407555145282829,2.9809589449094474,1.02,0.03
6.1,0.0,5.059194221201138,-0.009088288930677549,0.96,-0.02
6.1,1.0,2.529597110994733,-3.0445769725902845,1.03,0.03
6.1,2.0,2.507407662396813,2.9809589449094474,1.02,0.03
6.2,0.0,5.159046739103449,-0.01817658044440232,0.96,-0.01
6.2,1.0,2.6294496281087163,-3.035488683659607,1.04,0.03
6.2,2.0,2.607260180299124,2.9809589449094474,1.02,0.02
6.3,0.0,5.258899256217433,-0.01817658044440232,0.96,-0.01
6.3,1.0,2.729302146011028,-3.035488683659607,1.03,0.03
6.3,2.0,2.707112697413108,2.9809589449094474,1.03,0.02
6.4,0.0,5.347657049820785,-0.01817658044440232,0.96,0.0
6.4,1.0,2.8291546631250117,-3.035488683659607,1.03,0.03
6.4,2.0,2.8069652153154196,2.9809589449094474,1.03,0.01
6.5,0.0,5.458604291233728,-0.01817658044440232,0.96,0.0
6.5,1.0,2.9401019053262827,-3.035488683659607,1.03,0.02
6.5,2.0,2.917912456728363,2.9809589449094474,1.03,0.01
6.6,0.0,5.55845680913604,-0.01817658044440232,0.97,0.0
6.6,1.0,3.0399544224402666,-3.035488683659607,1.03,0.01
6.6,2.0,3.017764973842347,2.9809589449094474,1.03,0.0
6.7,0.0,5.6583093262500235,-0.01817658044440232,0.96,0.01
6.7,1.0,3.139806940342578,-3.035488683659607,1.02,0.01
6.7,2.0,3.117617491744658,2.9809589449094474,1.03,0.0
6.8,0.0,5.747067119853375,-0.01817658044440232,0.97,0.01
6.8,1.0,3.2396594574565616,-3.035488683659607,1.02,0.0
6.8,2.0,3.217470008858642,2.9809589449094474,1.03,0.0
6.9,0.0,5.846919637755686,-0.01817658044440232,0.97,0.01
6.9,1.0,3.3395119753588727,-3.0445769725902845,1.01,0.0
6.9,2.0,3.317322526760953,2.97187065597877,1.04,0.0
7.0,0.0,5.946772154869669,-0.01817658044440232,0.98,0.02
7.0,1.0,3.450459216771817,-3.0445769725902845,1.02,-0.01
7.0,2.0,3.4282697681738967,2.97187065597877,1.04,-0.01
7.1,0.0,6.0577193962826135,-0.009088288930677549,0.98,0.03
7.1,1.0,3.5503117346741284,-3.0445769725902845,1.01,0.0
7.1,2.0,3.5281222860762087,2.97187065597877,1.04,-0.01
7.2,0.0,6.157571914184924,-0.01817658044440232,0.99,0.03
7.2,1.0,3.6501642517881114,-3.0445769725902845,1.02,0.0
7.2,2.0,3.6279748031901917,2.97187065597877,1.03,0.0
7.3,0.0,6.257424431298909,-0.01817658044440232,0.99,0.04
7.3,1.0,3.7500167696904234,-3.0445769725902845,1.01,0.0
7.3,2.0,3.738922045391463,2.97187065597877,1.03,0.0
7.4,0.0,6.3572769492012196,-0.009088288930677549,0.99,0.04
7.4,1.0,3.849869286804407,-3.0445769725902845,1.01,0.0
7.4,2.0,3.8387745625054475,2.97187065597877,1.02,0.0
7.5,0.0,6.457129466315204,-0.009088288930677549,0.99,0.04
7.5,1.0,3.949721804706719,-3.0445769725902845,1.01,0.01
7.5,2.0,3.9386270804077586,2.97187065597877,1.02,0.0
7.6,0.0,6.556981984217515,0.0,0.98,0.03
7.6,1.0,4.060669046119663,-3.0445769725902845,1.0,0.01
7.6,2.0,4.038479597521743,2.97187065597877,1.01,0.0
7.7,0.0,6.6568345021198265,0.0,0.98,0.02
7.7,1.0,4.160521564021973,-3.0445769725902845,1.0,0.02
7.7,2.0,4.149426839723013,2.97187065597877,1.01,0.0
7.8,0.0,6.7566870192338095,0.0,0.98,0.01
7.8,1.0,4.260374081135957,-3.0445769725902845,1.0,0.02
7.8,2.0,4.2381846325380375,2.97187065597877,1.0,0.01
7.9,0.0,6.856539537136122,0.0,0.99,0.0
7.9,1.0,4.360226599038269,-3.0445769725902845,1.0,0.03
7.9,2.0,4.349131874739308,2.97187065597877,1.0,0.0
8.0,0.0,6.956392054250105,0.0,0.99,-0.01
8.0,1.0,4.460079116152252,-3.0445769725902845,0.99,0.04
8.0,2.0,4.448984391853292,2.962782367048092,1.0,0.01
8.1,0.0,7.056244572152417,0.0,0.99,-0.01
8.1,1.0,4.559931634054564,-3.0445769725902845,0.99,0.05
8.1,2.0,4.548836909755604,2.962782367048092,1.0,0.0
8.2,0.0,7.1560970892664,0.0,0.99,-0.02
8.2,1.0,4.659784151168547,-3.0445769725902845,0.98,0.05
8.2,2.0,4.648689426869588,2.962782367048092,1.0,0.01
8.3,0.0,7.255949607168712,0.0,0.99,-0.01
8.3,1.0,4.759636669070859,-3.0445769725902845,0.98,0.05
8.3,2.0,4.748541944771899,2.962782367048092,0.99,0.01
8.4,0.0,7.355802124282696,0.0,0.95,-0.02
8.4,1.0,4.848394461885883,-3.0445769725902845,0.94,0.03
8.4,2.0,4.848394461885883,2.962782367048092,0.96,0.02
8.5,0.0,7.455654642185007,0.0,0.9,-0.02
8.5,1.0,4.948246979788194,-3.035488683659607,0.89,0.03
8.5,2.0,4.9371522554892335,2.962782367048092,0.89,0.01
8.6,0.0,7.544412435000031,0.0,0.8,-0.02
8.6,1.0,5.037004773391546,-3.035488683659607,0.8,0.02
8.6,2.0,5.025910049092586,2.962782367048092,0.8,0.01
8.7,0.0,7.622075504304422,0.0,0.69,-0.02
8.7,1.0,5.1035731183969775,-3.035488683659607,0.7,0.02
8.7,2.0,5.1035731183969775,2.962782367048092,0.7,0.01
8.8,0.0,7.688643849309854,0.0,0.58,-0.01
8.8,1.0,5.170141463402409,-3.035488683659607,0.6,0.02
8.8,2.0,5.170141463402409,2.962782367048092,0.59,0.02
8.9,0.0,7.7441174700163256,-0.009088288930677549,0.48,-0.01
8.9,1.0,5.225615084108881,-3.035488683659607,0.51,0.02
8.9,2.0,5.225615084108881,2.962782367048092,0.49,0.03
9.0,0.0,7.788496367212165,-0.009088288930677549,0.38,0.0
9.0,1.0,5.281088704815352,-3.035488683659607,0.42,0.03
9.0,2.0,5.269993980516393,2.962782367048092,0.41,0.05
9.1,0.0,7.821780539320717,0.0,0.3,0.0
9.1,1.0,5.314372876923905,-3.035488683659607,0.35,0.03
9.1,2.0,5.314372876923905,2.962782367048092,0.34,0.05
9.2,0.0,7.8550647122175965,0.0,0.22,0.01
9.2,1.0,5.347657049820785,-3.035488683659607,0.27,0.03
9.2,2.0,5.347657049820785,2.962782367048092,0.28,0.06
9.3,0.0,7.8772541600271895,0.0,0.17,0.01
9.3,1.0,5.380941221929336,-3.035488683659607,0.22,0.03
9.3,2.0,5.380941221929336,2.97187065597877,0.22,0.05
9.4,0.0,7.899443608625109,0.0,0.12,0.01
9.4,1.0,5.403130670527256,-3.0264003947289293,0.17,0.03
9.4,2.0,5.403130670527256,2.97187065597877,0.18,0.05
9.5,0.0,7.910538332924069,0.0,0.09,0.01
9.5,1.0,5.425320119125176,-3.0264003947289293,0.13,0.02
9.5,2.0,5.414225394826216,2.97187065597877,0.13,0.04
9.6,0.0,7.921633057223029,0.0,0.07,0.01
9.6,1.0,5.436414843424136,-3.0264003947289293,0.1,0.01
9.6,2.0,5.436414843424136,2.9809589449094474,0.1,0.03
9.7,0.0,7.932727781521989,0.0,0.05,0.0
9.7,1.0,5.447509566934768,-3.0264003947289293,0.08,0.01
9.7,2.0,5.447509566934768,2.9809589449094474,0.07,0.03
9.8,0.0,7.943822505032621,0.0,0.04,0.01
9.8,1.0,5.458604291233728,-3.0264003947289293,0.05,0.01
9.8,2.0,5.447509566934768,2.9809589449094474,0.06,0.02
9.9,0.0,7.954917229331581,0.009088288930677549,0.03,0.0
9.9,1.0,5.458604291233728,-3.0264003947289293,0.04,0.01
9.9,2.0,5.458604291233728,2.9809589449094474,0.04,0.01
