time,drone_id,sitl_x,sitl_y,sitl_vx,sitl_vy
0.0,0,1.7418716944401846,-0.009088288930677549,-0.01,0.02
0.0,1,-0.8986726571791642,1.4904794724547237,0.03,0.02
0.0,2,-0.8764832093695722,-1.5359209222742058,0.08,0.04
0.1,0,1.7418716944401846,0.0,0.05,0.04
0.1,1,-0.8986726571791642,1.4904794724547237,0.11,0.02
0.1,2,,,,
0.2,0,,,,
0.2,1,,,,
0.2,2,,,,
0.3,0,,,,
0.3,1,,,,
0.3,2,,,,
0.4,0,1.7418716944401846,0.0,0.11,0.04
0.4,1,-0.8986726571791642,1.4904794724547237,0.18,0.02
0.4,2,-0.8764832093695722,-1.5268326307604811,0.13,0.04
0.5,0,1.7640611430381044,0.009088288930677549,0.27,0.05
0.5,1,-0.8764832093695722,1.4904794724547237,0.33,0.03
0.5,2,-0.8542937607716523,-1.5268326307604811,0.26,0.05
0.6,0,1.8084400394456162,0.009088288930677549,0.49,0.04
0.6,1,-0.8321043121737326,1.4904794724547237,0.56,0.02
0.6,2,-0.7988201400651805,-1.5268326307604811,0.57,0.04
0.7,0,1.8639136609404154,0.009088288930677549,0.76,0.03
0.7,1,-0.7655359671683009,1.4904794724547237,0.82,0.02
0.7,2,-0.7322517950597488,-1.5268326307604811,0.82,0.04
0.8,0,1.9526714537554393,0.018176577861355098,1.02,0.01
0.8,1,-0.6656834500543172,1.499567761385401,1.1,0.01
0.8,2,-0.6434940014563973,-1.5177443418298036,1.08,0.02
0.9,0,2.074713419467343,0.018176577861355098,1.25,-0.01
0.9,1,-0.5547362086413735,1.4904794724547237,1.32,0.0
0.9,2,-0.5214520357444938,-1.5268326307604811,1.28,0.01
1.0,0,2.196755385967574,0.009088288930677549,1.4,-0.03
1.0,1,-0.42159951863051004,1.4904794724547237,1.48,-0.03
1.0,2,-0.45488369073906215,-1.5268326307604811,1.36,0.0
1.1,0,2.34098679948907,0.009088288930677549,1.49,-0.05
1.1,1,-0.26627338002172685,1.4904794724547237,1.55,-0.05
1.1,2,-0.3217470007281987,-1.5268326307604811,1.47,-0.02
1.2,0,2.485218213798893,0.0,1.5,-0.05
1.2,1,-0.12204196571190355,1.481391183524046,1.57,-0.07
1.2,2,-0.11094724141294367,-1.5359209222742058,1.5,-0.04
1.3,0,2.6294496281087163,0.0,1.49,-0.05
1.3,1,0.02218944859791976,1.4723028945933685,1.54,-0.07
1.3,2,0.03328417289687964,-1.5359209222742058,1.47,-0.03
1.4,0,2.77368104241854,-0.009088288930677549,1.44,-0.03
1.4,1,0.17751558720670294,1.4632146030796438,1.49,-0.06
1.4,2,0.11094724220127124,-1.5450092112048834,1.45,-0.03
1.5,0,2.917912456728363,-0.009088288930677549,1.4,-0.02
1.5,1,0.3106522772175664,1.4541263141489662,1.44,-0.04
1.5,2,0.24408393221213467,-1.5450092112048834,1.41,-0.01
1.6,0,3.0510491467392264,-0.009088288930677549,1.35,-0.01
1.6,1,0.45488369073906215,1.4450380252182886,1.39,-0.02
1.6,2,0.37722062222299807,-1.554097500135561,1.37,-0.01
1.7,0,3.18418583675009,-0.01817658044440232,1.31,-0.01
1.7,1,0.5880203807499256,1.4450380252182886,1.34,-0.01
1.7,2,0.5103573122338615,-1.554097500135561,1.34,0.0
1.8,0,3.317322526760953,-0.01817658044440232,1.26,-0.01
1.8,1,0.7100623472501566,1.4450380252182886,1.3,0.0
1.8,2,0.6989676229511967,-1.5631857890662384,1.28,0.01
1.9,0,3.439364492472857,-0.01817658044440232,1.23,0.0
1.9,1,0.8431990372610201,1.4359497362876112,1.24,0.0
1.9,2,0.8321043129620601,-1.5631857890662384,1.24,0.01
2.0,0,3.57250118248372,-0.01817658044440232,1.18,0.0
2.0,1,0.9541462786739637,1.4359497362876112,1.21,0.0
2.0,2,0.8875779336685321,-1.5631857890662384,1.22,0.01
2.1,0,3.6834484246849915,-0.01817658044440232,1.15,0.0
2.1,1,1.0761882443858672,1.4359497362876112,1.17,0.01
2.1,2,1.0096198993804357,-1.5631857890662384,1.18,0.02
2.2,0,3.805490390396895,-0.01817658044440232,1.11,0.01
2.2,1,1.1871354865871384,1.4359497362876112,1.15,0.02
2.2,2,1.120567141581707,-1.5631857890662384,1.15,0.02
2.3,0,3.916437631809839,-0.01817658044440232,1.09,0.0
2.3,1,1.309177452299042,1.4359497362876112,1.12,0.03
2.3,2,1.2315143829946504,-1.5631857890662384,1.13,0.04
2.4,0,4.027384873222783,-0.027264869375079874,1.06,0.0
2.4,1,1.4201246937119858,1.4359497362876112,1.11,0.03
2.4,2,1.3424616244075942,-1.5631857890662384,1.11,0.03
2.5,0,4.1383321154240535,-0.027264869375079874,1.05,0.0
2.5,1,1.519977211614297,1.4359497362876112,1.09,0.03
2.5,2,1.5088824873153373,-1.572274077996916,1.09,0.04
2.6,0,4.249279356836997,-0.027264869375079874,1.03,0.01
2.6,1,1.6309244530272407,1.4359497362876112,1.08,0.03
2.6,2,1.6198297287282808,-1.572274077996916,1.08,0.04
2.7,0,4.349131874739308,-0.01817658044440232,1.02,0.0
2.7,1,1.7418716944401846,1.4359497362876112,1.07,0.03
2.7,2,1.7196822466305923,-1.5631857890662384,1.06,0.05
2.8,0,4.460079116152252,-0.01817658044440232,1.02,0.01
2.8,1,1.8417242123424957,1.4359497362876112,1.06,0.03
2.8,2,1.819534763744576,-1.5631857890662384,1.05,0.05
2.9,0,4.571026357565196,-0.01817658044440232,1.01,0.02
2.9,1,1.9415767294564794,1.4450380252182886,1.04,0.04
2.9,2,1.930482005945847,-1.5631857890662384,1.03,0.05
3.0,0,4.6708788754675075,-0.01817658044440232,1.02,0.03
3.0,1,2.052523971657751,1.4450380252182886,1.04,0.04
3.0,2,1.9748609023533594,-1.554097500135561,1.03,0.05
3.1,0,4.781826116880451,-0.01817658044440232,1.02,0.03
3.1,1,2.1523764887717345,1.4541263141489662,1.03,0.05
3.1,2,2.085808143766303,-1.554097500135561,1.03,0.05
3.2,0,4.881678634782762,-0.01817658044440232,1.02,0.04
3.2,1,2.252229006674046,1.4541263141489662,1.02,0.05
3.2,2,2.185660661668614,-1.554097500135561,1.03,0.05
3.3,0,4.992625876195706,-0.01817658044440232,1.01,0.03
3.3,1,2.35208152378803,1.4632146030796438,1.02,0.06
3.3,2,2.34098679948907,-1.5450092112048834,1.03,0.05
3.4,0,5.092478394098017,-0.01817658044440232,1.01,0.03
3.4,1,2.451934041690341,1.4723028945933685,1.02,0.05
3.4,2,2.3853656966849095,-1.5450092112048834,1.03,0.04
3.5,0,5.192330911212001,-0.009088288930677549,1.0,0.03
3.5,1,2.551786558804325,1.4723028945933685,1.02,0.05
3.5,2,2.496312938097853,-1.5450092112048834,1.04,0.05
3.6,0,5.303278153413272,-0.009088288930677549,0.99,0.02
3.6,1,2.651639076706636,1.481391183524046,1.02,0.04
3.6,2,2.5961654560001644,-1.5450092112048834,1.04,0.04
3.7,0,5.403130670527256,-0.009088288930677549,0.98,0.02
3.7,1,2.75149159382062,1.481391183524046,1.02,0.04
3.7,2,2.6960179731141483,-1.5450092112048834,1.04,0.04
3.8,0,5.5029831884295675,-0.009088288930677549,0.99,0.01
3.8,1,2.8513441117229315,1.4904794724547237,1.03,0.04
3.8,2,2.79587049101646,-1.5359209222742058,1.04,0.04
3.9,0,5.602835705543551,-0.009088288930677549,0.98,0.02
3.9,1,2.951196628836915,1.499567761385401,1.03,0.04
3.9,2,2.906817732429403,-1.5359209222742058,1.05,0.03
4.0,0,5.702688223445863,-0.009088288930677549,0.98,0.01
4.0,1,3.0510491467392264,1.499567761385401,1.03,0.04
4.0,2,3.0621438710381863,-1.5359209222742058,1.05,0.03
4.1,0,5.802540740559847,-0.009088288930677549,0.97,0.01
4.1,1,3.15090166385321,1.5086560503160786,1.03,0.04
4.1,2,3.1065227674456986,-1.5359209222742058,1.06,0.03
4.2,0,5.902393258462158,-0.009088288930677549,0.97,0.0
4.2,1,3.250754181755522,1.5086560503160786,1.02,0.03
4.2,2,3.217470008858642,-1.5359209222742058,1.05,0.04
4.3,0,6.002245775576141,-0.009088288930677549,0.96,0.0
4.3,1,3.361701423168465,1.5086560503160786,1.03,0.02
4.3,2,3.317322526760953,-1.5268326307604811,1.06,0.03
4.4,0,6.102098293478453,-0.009088288930677549,0.96,-0.01
4.4,1,3.4615539410707767,1.5177443418298036,1.03,0.01
4.4,2,3.417175044663265,-1.5268326307604811,1.05,0.03
4.5,0,6.201950810592437,-0.009088288930677549,0.96,0.0
4.5,1,3.5614064581847606,1.5177443418298036,1.03,0.0
4.5,2,3.5281222860762087,-1.5268326307604811,1.05,0.02
4.6,0,6.290708604195788,-0.01817658044440232,0.97,-0.01
4.6,1,3.6612589760870717,1.5177443418298036,1.03,0.0
4.6,2,3.6834484246849915,-1.5268326307604811,1.04,0.02
4.7,0,6.390561121309772,-0.01817658044440232,0.97,0.0
4.7,1,3.7611114932010556,1.5177443418298036,1.04,0.0
4.7,2,3.7833009417989754,-1.5268326307604811,1.04,0.02
4.8,0,6.4904136392120835,-0.01817658044440232,0.97,0.0
4.8,1,3.860964011103367,1.5177443418298036,1.03,-0.01
4.8,2,3.883153459701287,-1.5268326307604811,1.03,0.01
4.9,0,6.590266157114395,-0.01817658044440232,0.98,0.01
4.9,1,3.96081652821735,1.5177443418298036,1.03,-0.01
4.9,2,3.99410070111423,-1.5268326307604811,1.03,0.0
5.0,0,6.690118674228379,-0.01817658044440232,0.98,0.01
5.0,1,4.060669046119663,1.5177443418298036,1.03,-0.02
5.0,2,4.038479597521743,-1.5268326307604811,1.03,0.0
5.1,0,6.78997119213069,-0.01817658044440232,0.98,0.02
5.1,1,4.160521564021973,1.5177443418298036,1.04,-0.02
5.1,2,4.1383321154240535,-1.5268326307604811,1.02,0.0
5.2,0,6.8898237092446735,-0.01817658044440232,0.97,0.03
5.2,1,4.271468805434917,1.5177443418298036,1.04,-0.03
5.2,2,4.249279356836997,-1.5268326307604811,1.02,0.0
5.3,0,6.989676227146984,-0.009088288930677549,0.97,0.03
5.3,1,4.371321322548901,1.5177443418298036,1.05,-0.04
5.3,2,4.4046054954457805,-1.5359209222742058,1.02,0.0
5.4,0,7.089528744260969,-0.009088288930677549,0.97,0.03
5.4,1,4.471173840451212,1.5177443418298036,1.05,-0.04
5.4,2,4.504458012559764,-1.5359209222742058,1.02,0.01
5.5,0,7.1893812621632796,-0.009088288930677549,0.97,0.03
5.5,1,4.582121081864155,1.5086560503160786,1.05,-0.04
5.5,2,4.559931634054564,-1.5359209222742058,1.02,0.01
5.6,0,7.289233779277264,0.0,0.97,0.02
5.6,1,4.681973599766467,1.5086560503160786,1.04,-0.03
5.6,2,4.659784151168547,-1.5359209222742058,1.01,0.02
5.7,0,7.389086297179575,0.0,0.98,0.02
5.7,1,4.781826116880451,1.499567761385401,1.04,-0.03
5.7,2,4.759636669070859,-1.5359209222742058,1.01,0.01
5.8,0,7.48893881429356,0.0,0.98,0.01
5.8,1,4.881678634782762,1.499567761385401,1.03,-0.02
5.8,2,4.859489186184843,-1.5268326307604811,1.01,0.01
5.9,0,7.58879133219587,0.0,0.99,0.01
5.9,1,4.981531151896746,1.499567761385401,1.02,-0.02
5.9,2,4.959341704087153,-1.5268326307604811,1.01,0.01
6.0,0,7.688643849309854,0.0,0.99,0.01
6.0,1,5.092478394098017,1.499567761385401,1.02,-0.02
6.0,2,5.114667841907609,-1.5268326307604811,1.01,0.02
6.1,0,7.788496367212165,0.0,0.99,0.0
6.1,1,5.192330911212001,1.4904794724547237,1.01,-0.02
6.1,2,5.159046739103449,-1.5268326307604811,1.01,0.02
6.2,0,7.888348884326149,0.0,0.99,0.0
6.2,1,5.292183429114313,1.4904794724547237,1.01,-0.01
6.2,2,5.258899256217433,-1.5268326307604811,1.02,0.03
6.3,0,7.98820140222846,0.0,1.0,0.0
6.3,1,5.3920359462282965,1.4904794724547237,1.01,-0.01
6.3,2,5.358751774119744,-1.5268326307604811,1.02,0.04
6.4,0,8.088053919342444,0.0,1.0,0.0
6.4,1,5.491888464130607,1.4904794724547237,1.01,0.0
6.4,2,5.4696990155326874,-1.5177443418298036,1.02,0.04
6.5,0,8.187906437244756,0.0,1.01,-0.01
6.5,1,5.591740981244591,1.4904794724547237,1.01,-0.01
6.5,2,5.569551533435,-1.5177443418298036,1.01,0.03
6.6,0,8.2988536786577,0.0,1.0,-0.01
6.6,1,5.691593499146903,1.4904794724547237,1.01,0.0
6.6,2,5.669404050548983,-1.5177443418298036,1.01,0.03
6.7,0,8.398706196560012,0.0,1.0,-0.01
6.7,1,5.7914460162608865,1.4904794724547237,1.01,0.0
6.7,2,5.8247301891577665,-1.5177443418298036,1.0,0.01
6.8,0,8.498558713673994,0.0,1.0,0.0
6.8,1,5.891298534163198,1.4904794724547237,1.01,0.0
6.8,2,5.913487982761118,-1.5177443418298036,0.99,0.01
6.9,0,8.598411231576307,0.0,1.0,0.0
6.9,1,5.991151051277182,1.4904794724547237,1.0,0.0
6.9,2,6.013340499875102,-1.5177443418298036,0.98,0.0
7.0,0,8.69826374869029,0.0,0.99,0.0
7.0,1,6.091003569179493,1.4904794724547237,1.01,0.0
7.0,2,6.113193017777413,-1.5177443418298036,0.98,0.0
7.1,0,8.7981162665926,0.0,0.98,0.0
7.1,1,6.1908560862934765,1.4904794724547237,1.0,0.0
7.1,2,6.213045534891397,-1.5177443418298036,0.98,0.0
7.2,0,8.897968783706585,0.0,0.98,0.0
7.2,1,6.290708604195788,1.4904794724547237,1.01,0.01
7.2,2,6.268519155597867,-1.5177443418298036,0.98,0.0
7.3,0,8.997821301608896,0.0,0.97,-0.01
7.3,1,6.390561121309772,1.4904794724547237,1.01,0.01
7.3,2,6.3572769492012196,-1.5177443418298036,0.98,0.0
7.4,0,9.09767381872288,0.0,0.97,-0.01
7.4,1,6.501508363511044,1.4904794724547237,1.02,0.02
7.4,2,6.457129466315204,-1.5177443418298036,0.98,0.0
7.5,0,9.197526336625192,0.0,0.97,-0.01
7.5,1,6.601360880625027,1.4904794724547237,1.01,0.02
7.5,2,6.612455604923987,-1.5177443418298036,0.98,0.0
7.6,0,9.297378853739175,0.0,0.97,0.0
7.6,1,6.701213398527339,1.4904794724547237,1.02,0.02
7.6,2,6.6568345021198265,-1.5177443418298036,0.98,0.0
7.7,0,9.397231371641485,0.0,0.98,0.0
7.7,1,6.801065915641322,1.4904794724547237,1.01,0.01
7.7,2,6.7566870192338095,-1.5177443418298036,0.98,0.0
7.8,0,9.497083888755471,0.0,0.98,0.0
7.8,1,6.900918433543634,1.4904794724547237,1.01,0.01
7.8,2,6.856539537136122,-1.5177443418298036,0.98,0.0
7.9,0,9.59693640665778,0.0,0.98,0.0
7.9,1,7.011865674956578,1.4904794724547237,0.99,0.0
7.9,2,6.956392054250105,-1.5177443418298036,0.98,0.0
8.0,0,9.696788923771766,0.0,0.98,0.01
8.0,1,7.111718192858888,1.4904794724547237,0.99,0.0
8.0,2,7.056244572152417,-1.5177443418298036,0.99,0.0
8.1,0,9.796641441674076,0.0,0.98,0.0
8.1,1,7.2115707099728725,1.4904794724547237,0.98,0.0
8.1,2,7.1560970892664,-1.5177443418298036,1.0,0.01
8.2,0,9.896493958788062,0.0,0.98,0.0
8.2,1,7.300328503576223,1.4904794724547237,0.97,-0.01
8.2,2,7.300328503576223,-1.5177443418298036,0.99,0.02
8.3,0,9.996346476690372,-0.009088288930677549,0.97,0.0
8.3,1,7.400181020690208,1.4904794724547237,0.95,-0.01
8.3,2,7.355802124282696,-1.5177443418298036,0.98,0.02
8.4,0,10.096198994592683,-0.009088288930677549,0.94,0.0
8.4,1,7.500033538592518,1.4904794724547237,0.92,-0.02
8.4,2,7.455654642185007,-1.5177443418298036,0.95,0.02
8.5,0,10.184956787407707,-0.009088288930677549,0.84,0.0
8.5,1,7.58879133219587,1.4904794724547237,0.81,-0.02
8.5,2,7.544412435000031,-1.5177443418298036,0.88,0.01
8.6,0,10.262619856712098,-0.009088288930677549,0.69,0.0
8.6,1,7.666454401500261,1.481391183524046,0.66,-0.03
8.6,2,7.622075504304422,-1.5177443418298036,0.74,0.0
8.7,0,10.31809347741857,-0.009088288930677549,0.46,-0.01
8.7,1,7.721928022206734,1.481391183524046,0.43,-0.03
8.7,2,7.688643849309854,-1.5177443418298036,0.54,-0.01
8.8,0,10.351377650315449,-0.009088288930677549,0.19,-0.01
8.8,1,7.755212194315286,1.4723028945933685,0.16,-0.03
8.8,2,7.733022746505694,-1.5177443418298036,0.29,-0.02
8.9,0,10.36247237461441,-0.009088288930677549,-0.1,0.0
8.9,1,7.755212194315286,1.4723028945933685,-0.11,-0.01
8.9,2,7.755212194315286,-1.5177443418298036,-0.11,-0.01
9.0,0,10.34028292601649,-0.009088288930677549,-0.34,0.01
9.0,1,7.733022746505694,1.4723028945933685,-0.36,0.0
9.0,2,7.733022746505694,-1.5177443418298036,-0.35,-0.01
9.1,0,10.295904029608979,-0.009088288930677549,-0.53,0.02
9.1,1,7.688643849309854,1.4723028945933685,-0.54,0.02
9.1,2,7.688643849309854,-1.5177443418298036,-0.53,0.01
9.2,0,10.240430408114179,-0.009088288930677549,-0.64,0.04
9.2,1,7.633170228603382,1.4723028945933685,-0.63,0.03
9.2,2,7.666454401500261,-1.5177443418298036,-0.59,0.01
9.3,0,10.184956787407707,-0.009088288930677549,-0.68,0.05
9.3,1,7.57769660789691,1.481391183524046,-0.66,0.05
9.3,2,7.610980780005462,-1.5177443418298036,-0.65,0.02
9.4,0,10.129483166701236,-0.009088288930677549,-0.64,0.05
9.4,1,7.522222987190439,1.481391183524046,-0.63,0.06
9.4,2,7.544412435000031,-1.5177443418298036,-0.65,0.03
9.5,0,10.074009545994763,-0.009088288930677549,-0.58,0.05
9.5,1,7.4778440899945995,1.4904794724547237,-0.56,0.07
9.5,2,7.4778440899945995,-1.5177443418298036,-0.56,0.04
9.6,0,10.029630649587252,0.0,-0.5,0.03
9.6,1,7.433465193587087,1.4904794724547237,-0.48,0.06
9.6,2,7.455654642185007,-1.508656052899126,-0.52,0.03
9.7,0,9.985251752391411,0.0,-0.43,0.03
9.7,1,7.389086297179575,1.4904794724547237,-0.41,0.05
9.7,2,7.411275744989168,-1.508656052899126,-0.43,0.02
9.8,0,9.95196758028286,0.0,-0.36,0.02
9.8,1,7.355802124282696,1.499567761385401,-0.35,0.03
9.8,2,7.366896848581656,-1.508656052899126,-0.37,0.01
9.9,0,9.91868340738598,0.0,-0.31,0.01
9.9,1,7.3225179521741435,1.499567761385401,-0.3,0.03
9.9,2,7.333612675684775,-1.508656052899126,-0.31,0.01
