time,drone_id,sim_x,sim_y,sim_vx,sim_vy,target_x,target_y,sitl_x,sitl_y,sitl_vx,sitl_vy,error_m
0.0,0,0.002014652014652015,0.0,0.020146520146520148,0.0,0.0,0.0,0.0,-0.01817658044440232,-0.03,-0.02,0.01828788941873748
0.0,1,-2.497985347985348,-3.0,0.020146520146520148,0.0,-2.5,-3.0,-2.5961654552118367,-3.126371578132477,0.0,0.06,0.16002846376409888
0.0,2,-2.497985347985348,3.0,0.020146520146520148,0.0,-2.5,3.0,-2.585070730912877,2.926429208742335,0.05,0.14,0.11400230368686956
0.1,0,0.007866708865005567,0.0,0.05852056850353553,0.0,0.1,0.0,0.0,-0.01817658044440232,-0.02,0.0,0.01980588763521055
0.1,1,-2.4921332911349943,-3.0,0.05852056850353554,0.0,-2.4,-3.0,-2.5961654552118367,-3.126371578132477,0.02,0.09,0.16368404602221853
0.1,2,-2.4921332911349943,3.0,0.05852056850353554,0.0,-2.4,3.0,-2.4,3.0,0.0,0.0,0.09213329113499436
0.2,0,0.019162021687597647,0.0,0.1129531282259208,0.0,0.2,0.0,0.2,0.0,0.0,0.0,0.18083797831240236
0.2,1,-2.4808379783124024,-3.0,0.11295312822592082,0.0,-2.3,-3.0,-2.3,-3.0,0.0,0.0,0.18083797831240256
0.2,2,-2.4808379783124024,3.0,0.11295312822592082,0.0,-2.3,3.0,-2.3,3.0,0.0,0.0,0.18083797831240256
0.3,0,0.03727126192635993,0.0,0.18109240238762286,0.0,0.30000000000000004,0.0,0.0,-0.01817658044440232,-0.02,0.0,0.04146727676415654
0.3,1,-2.4627287380736402,-3.0,0.18109240238762286,0.0,-2.2,-3.0,-2.585070730912877,-3.117283289201799,0.05,0.13,0.16947841496151847
0.3,2,-2.4627287380736402,3.0,0.18109240238762286,0.0,-2.2,3.0,-2.585070730912877,2.9355174976730125,0.06,0.12,0.1382951782175567
0.4,0,0.06331822540761393,0.0,0.26046963481254,0.0,0.4,0.0,0.0,-0.01817658044440232,-0.01,0.0,0.06587553222116112
0.4,1,-2.4366817745923863,-3.0,0.26046963481254,0.0,-2.1,-3.0,-2.585070730912877,-3.108195000271122,0.08,0.14,0.1836448758924478
0.4,2,-2.4366817745923863,3.0,0.26046963481254,0.0,-2.1,3.0,-2.5739760074022446,2.9446057866036894,0.07,0.11,0.14804805044526445
0.5,0,0.09817444565633364,0.0,0.34856220248719705,0.0,0.5,0.0,0.0,-0.01817658044440232,0.01,0.0,0.09984292592157061
0.5,1,-2.4018255543436666,-3.0,0.34856220248719705,0.0,-2.0,-3.0,-2.5739760074022446,-3.0991067113404447,0.12,0.14,0.1986401739855055
0.5,2,-2.4018255543436666,3.0,0.34856220248719705,0.0,-2.0,3.0,-2.562881283103285,2.953694078117415,0.09,0.08,0.1675803871808625
0.6,0,0.142459729351802,0.0,0.44285283695468364,0.0,0.6000000000000001,0.0,0.01109472429895988,-0.01817658044440232,0.08,0.02,0.13261656242409944
0.6,1,-2.3575402706481983,-3.0,0.44285283695468364,0.0,-1.9,-3.0,-2.562881283103285,-3.0900184198267193,0.18,0.12,0.22420581460831807
0.6,2,-2.3575402706481983,3.0,0.44285283695468364,0.0,-1.9,3.0,-2.540691834505365,2.962782367048092,0.16,0.07,0.1868947499152097
0.7,0,0.1965481299310392,0.0,0.540884005792372,0.0,0.7000000000000001,0.0,0.01109472429895988,-0.01817658044440232,0.17,0.03,0.1863420342735057
0.7,1,-2.3034518700689612,-3.0,0.540884005792372,0.0,-1.7999999999999998,-3.0,-2.540691834505365,-3.080930130896042,0.27,0.11,0.2506640915899935
0.7,2,-2.3034518700689612,3.0,0.540884005792372,0.0,-1.7999999999999998,3.0,-2.518502385907445,2.9809589449094474,0.24,0.04,0.2158918389873952
0.8,0,0.2605787965480582,0.0,0.6403066661701902,0.0,0.8,0.0,0.03328417289687964,-0.009088288930677549,0.28,0.04,0.22747624697189459
0.8,1,-2.239421203451942,-3.0,0.6403066661701902,0.0,-1.7,-3.0,-2.496312938097853,-3.0627535530346868,0.37,0.07,0.26444540409669115
0.8,2,-2.239421203451942,3.0,0.6403066661701902,0.0,-1.7,3.0,-2.485218213798893,2.9809589449094474,0.35,0.03,0.24653342993286032
0.9,0,0.33447107515769114,0.0,0.7389227860963292,0.0,0.9,0.0,0.0776630693043916,-0.009088288930677549,0.38,0.05,0.2569687702154404
0.9,1,-2.165528924842309,-3.0,0.7389227860963292,0.0,-1.6,-3.0,-2.4519340409020134,-3.0536652615209623,0.47,0.05,0.291389517311941
0.9,2,-2.165528924842309,3.0,0.7389227860963292,0.0,-1.6,3.0,-2.4519340409020134,2.9991355253538496,0.44,0.0,0.28640642070593764
1.0,0,0.4179431962680345,0.0,0.8347212111034336,0.0,1.0,0.0,0.11094724220127124,-0.009088288930677549,0.48,0.04,0.3071304491727411
1.0,1,-2.0820568037319656,-3.0,0.8347212111034336,0.0,-1.5,-3.0,-2.3964604201955417,-3.035488683659607,0.56,0.02,0.3164001907604785
1.0,2,-2.0820568037319656,3.0,0.8347212111034336,0.0,-1.5,3.0,-2.3964604201955417,3.008223814284527,0.54,-0.01,0.31451115269058727
1.1,0,0.5105338593673567,0.0,0.9259066309932225,0.0,1.1,0.0,0.16642086290774305,-0.009088288930677549,0.56,0.04,0.3442329898892632
1.1,1,-1.9894661406326433,-3.0,0.9259066309932225,0.0,-1.4,-3.0,-2.34098679948907,-3.035488683659607,0.64,0.0,0.3533075434670877
1.1,2,-1.9894661406326433,3.0,0.9259066309932225,0.0,-1.4,3.0,-2.32989207519011,3.008223814284527,0.62,-0.03,0.340525253161511
1.2,0,0.6116260163113472,0.0,1.0109215694399045,0.0,1.2000000000000002,0.0,0.23298920791317476,0.0,0.65,0.04,0.3786368083981724
1.2,1,-1.8883739836886528,-3.0,1.0109215694399045,0.0,-1.2999999999999998,-3.0,-2.274418454483638,-3.035488683659607,0.71,-0.02,0.3876722586145053
1.2,2,-1.8883739836886528,3.0,1.0109215694399045,0.0,-1.2999999999999998,3.0,-2.274418454483638,3.008223814284527,0.69,-0.04,0.38613205584717597
1.3,0,0.7204721638921575,0.0,1.0884614758081033,0.0,1.3,0.0,0.2995575529186065,0.0,0.71,0.03,0.42091461097355104
1.3,1,-1.7795278361078426,-3.0,1.0884614758081033,0.0,-1.2,-3.0,-2.1967553851792463,-3.035488683659607,0.78,-0.04,0.4187341332779336
1.3,2,-1.7795278361078426,3.0,1.0884614758081033,0.0,-1.2,3.0,-2.1967553851792463,3.008223814284527,0.74,-0.06,0.4173085894461279
1.4,0,0.8362204779930364,0.0,1.1574831410087896,0.0,1.4000000000000001,0.0,0.37722062222299807,0.0,0.78,0.03,0.4589998557700384
1.4,1,-1.6637795220069636,-3.0,1.1574831410087896,0.0,-1.0999999999999999,-3.0,-2.1079975923642227,-3.035488683659607,0.83,-0.06,0.4456334151517573
1.4,2,-1.6637795220069636,3.0,1.1574831410087896,0.0,-1.0999999999999999,3.0,-2.119092315874855,3.008223814284527,0.8,-0.07,0.4553870566684689
1.5,0,0.957941156556561,0.0,1.2172067856352449,0.0,1.5,0.0,0.45488369073906215,0.0,0.83,0.02,0.5030574658174989
1.5,1,-1.542058843443439,-3.0,1.2172067856352449,0.0,-1.0,-3.0,-2.0303345230598313,-3.035488683659607,0.88,-0.07,0.48956366896731773
1.5,2,-1.542058843443439,3.0,1.2172067856352449,0.0,-1.0,3.0,-2.0303345230598313,3.008223814284527,0.84,-0.09,0.48834492976403077
1.6,0,1.0846523843096048,0.0,1.2671122775304373,0.0,1.6,0.0,0.5436414843424136,0.0,0.89,0.02,0.5410108999671912
1.6,1,-1.4153476156903952,-3.0,1.2671122775304373,0.0,-0.8999999999999999,-3.0,-1.9415767294564794,-3.035488683659607,0.91,-0.07,0.5274244276130279
1.6,2,-1.4153476156903952,3.0,1.2671122775304373,0.0,-0.8999999999999999,3.0,-1.9415767294564794,2.9991355253538496,0.89,-0.09,0.5262298238331349
1.7,0,1.2153453869467021,0.0,1.3069300263709736,0.0,1.7000000000000002,0.0,0.632399277945765,0.009088288930677549,0.93,0.02,0.5830169491490105
1.7,1,-1.2846546130532979,-3.0,1.3069300263709736,0.0,-0.7999999999999998,-3.0,-1.8417242123424957,-3.035488683659607,0.95,-0.08,0.5581988759574128
1.7,2,-1.2846546130532979,3.0,1.3069300263709736,0.0,-0.7999999999999998,3.0,-1.8528189358531282,2.9991355253538496,0.92,-0.1,0.5681649804581445
1.8,0,1.3490081043786981,0.0,1.3366271743199605,0.0,1.8,0.0,0.7322517950597488,0.009088288930677549,0.96,0.02,0.6168232664875888
1.8,1,-1.1509918956213019,-3.0,1.3366271743199605,0.0,-0.7,-3.0,-1.7418716944401846,-3.035488683659607,0.97,-0.08,0.5919445779126075
1.8,2,-1.1509918956213019,3.0,1.3366271743199605,0.0,-0.7,3.0,-1.7640611430381044,2.990047233840125,0.94,-0.1,0.6131500303208325
1.9,0,1.484647079804592,0.0,1.35638975425894,0.0,1.9000000000000001,0.0,0.8321043129620601,0.009088288930677549,0.99,0.02,0.6526060523426016
1.9,1,-1.015352920195408,-3.0,1.35638975425894,0.0,-0.5999999999999999,-3.0,-1.653113900836833,-3.0445769725902845,0.98,-0.08,0.6393169596640051
1.9,2,-1.015352920195408,3.0,1.35638975425894,0.0,-0.5999999999999999,3.0,-1.6642086251357928,2.9809589449094474,0.95,-0.1,0.6491350303385616
2.0,0,1.6213072318974533,0.0,1.3666015209286129,0.0,2.0,0.0,0.931956830076044,0.009088288930677549,1.01,0.01,0.6894103085152019
2.0,1,-0.8786927681025466,-3.0,1.3666015209286129,0.0,-0.5,-3.0,-1.5532613837228493,-3.0445769725902845,0.98,-0.08,0.6760398831912261
2.0,2,-0.8786927681025466,3.0,1.3666015209286129,0.0,-0.5,3.0,-1.5643561080218091,2.9809589449094474,0.97,-0.09,0.6859276765725375
2.1,0,1.7580892495207956,0.0,1.3678201762334234,0.0,2.1,0.0,1.0318093479783554,0.009088288930677549,1.01,0.01,0.7263367623769184
2.1,1,-0.7419107504792042,-3.0,1.3678201762334234,0.0,-0.3999999999999999,-3.0,-1.4534088658205377,-3.0536652615209623,0.98,-0.08,0.7135191156713202
2.1,2,-0.7419107504792042,3.0,1.3678201762334234,0.0,-0.3999999999999999,3.0,-1.4645035901194976,2.97187065597877,0.97,-0.09,0.72314014678656
2.2,0,1.8941644204275705,0.0,1.3607517090677481,0.0,2.2,0.0,1.1316618650923391,0.009088288930677549,1.01,0.0,0.7625567151946437
2.2,1,-0.6058355795724294,-3.0,1.3607517090677481,0.0,-0.2999999999999998,-3.0,-1.353556348706554,-3.0536652615209623,0.97,-0.07,0.7496441214927523
2.2,2,-0.6058355795724294,3.0,1.3607517090677481,0.0,-0.2999999999999998,3.0,-1.3757457965161461,2.97187065597877,0.97,-0.08,0.7704239106812467
2.3,0,2.028786775792705,0.0,1.346223553651345,0.0,2.3000000000000003,0.0,1.2426091072936103,0.009088288930677549,1.01,0.0,0.7862301974882164
2.3,1,-0.4712132242072949,-3.0,1.346223553651345,0.0,-0.19999999999999973,-3.0,-1.2537038308042425,-3.0627535530346868,0.98,-0.07,0.7850029030716615
2.3,2,-0.4712132242072949,3.0,1.346223553651345,0.0,-0.19999999999999973,3.0,-1.2758932794021625,2.962782367048092,0.97,-0.07,0.8055402804521684
2.4,0,2.161302499802308,0.0,1.3251572400960294,0.0,2.4000000000000004,0.0,1.3424616244075942,0.009088288930677549,1.01,-0.01,0.8188913091570021
2.4,1,-0.33869750019769196,-3.0,1.3251572400960294,0.0,-0.09999999999999964,-3.0,-1.1538513136902588,-3.0627535530346868,0.97,-0.06,0.8175657454113106
2.4,2,-0.33869750019769196,3.0,1.3251572400960294,0.0,-0.09999999999999964,3.0,-1.1760407614998512,2.962782367048092,0.98,-0.06,0.8381699645362384
2.5,0,2.2911566166539665,0.0,1.298541168516585,0.0,2.5,0.0,1.4423141423099055,0.009088288930677549,1.0,-0.01,0.8488911256729189
2.5,1,-0.20884338334603345,-3.0,1.298541168516585,0.0,0.0,-3.0,-1.0539987957879475,-3.0627535530346868,0.98,-0.05,0.8474819641728897
2.5,2,-0.20884338334603345,3.0,1.298541168516585,0.0,0.0,3.0,-1.0761882443858672,2.962782367048092,0.97,-0.06,0.8681429952345129
2.6,0,2.4178970251862237,0.0,1.2674040853225723,0.0,2.6,0.0,1.5532613837228493,0.009088288930677549,0.99,-0.01,0.8646834041916547
2.6,1,-0.08210297481377621,-3.0,1.2674040853225723,0.0,0.10000000000000009,-3.0,-0.9541462786739637,-3.0627535530346868,0.97,-0.05,0.8742983084885094
2.6,2,-0.08210297481377621,3.0,1.2674040853225723,0.0,0.10000000000000009,3.0,-0.9763357264835559,2.953694078117415,0.98,-0.05,0.8954308753668828
2.7,0,2.5411760031195296,0.0,1.2327897793330567,0.0,2.7,0.0,1.6531139016251604,0.009088288930677549,0.99,-0.01,0.8881086043419931
2.7,1,0.04117600311952946,-3.0,1.2327897793330567,0.0,0.20000000000000018,-3.0,-0.8542937607716523,-3.071841841965364,0.99,-0.04,0.8983470088447476
2.7,2,0.04117600311952946,3.0,1.2327897793330567,0.0,0.20000000000000018,3.0,-0.8764832093695722,2.953694078117415,0.98,-0.04,0.9188267892630876
2.8,0,2.6607493479213122,0.0,1.1957334480178277,0.0,2.8000000000000003,0.0,1.7529664187391445,0.009088288930677549,0.97,-0.02,0.9078284218453639
2.8,1,0.16074934792131224,-3.0,1.1957334480178277,0.0,0.30000000000000027,-3.0,-0.7544412436576686,-3.071841841965364,0.99,-0.02,0.9180060289408024
2.8,2,0.16074934792131224,3.0,1.1957334480178277,0.0,0.30000000000000027,3.0,-0.7766306914672608,2.953694078117415,0.99,-0.02,0.9385230826386312
2.9,0,2.7764733591654744,0.0,1.1572401124416238,0.0,2.9000000000000004,0.0,1.8528189366414556,0.009088288930677549,0.97,-0.02,0.9236991335082362
2.9,1,0.2764733591654746,-3.0,1.1572401124416238,0.0,0.40000000000000036,-3.0,-0.6545887257553573,-3.071841841965364,1.0,-0.01,0.9338296719606327
2.9,2,0.2764733591654746,3.0,1.1572401124416238,0.0,0.40000000000000036,3.0,-0.676778174353277,2.953694078117415,0.99,-0.02,0.954375567875272
3.0,0,2.888299897692224,0.0,1.1182653852674964,0.0,3.0,0.0,1.9415767294564794,0.009088288930677549,0.95,-0.03,0.9467667898009592
3.0,1,0.3882998976922243,-3.0,1.1182653852674964,0.0,0.5,-3.0,-0.5547362086413735,-3.0627535530346868,0.99,0.0,0.9451217415059872
3.0,2,0.3882998976922243,3.0,1.1182653852674964,0.0,0.5,3.0,-0.5769256564509656,2.953694078117415,0.99,-0.01,0.9663356605095479
3.1,0,2.9962697798183133,0.0,1.0796988212608944,0.0,3.1,0.0,2.041429247358791,0.0,0.96,-0.03,0.9548405324595222
3.1,1,0.4962697798183137,-3.0,1.0796988212608944,0.0,0.6000000000000001,-3.0,-0.45488369073906215,-3.0627535530346868,1.0,0.0,0.9532213452141208
3.1,2,0.4962697798183137,3.0,1.0796988212608944,0.0,0.6000000000000001,3.0,-0.47707313933698187,2.953694078117415,0.99,0.0,0.9744437780965859
3.2,0,3.1005047803982264,0.0,1.0423500057991293,0.0,3.2,0.0,2.1412817644727746,0.0,0.95,-0.04,0.9592230159254518
3.2,1,0.6005047803982266,-3.0,1.0423500057991293,0.0,0.7000000000000002,-3.0,-0.3550311736250783,-3.0627535530346868,0.99,0.0,0.9575943649843105
3.2,2,0.6005047803982266,3.0,1.0423500057991293,0.0,0.7000000000000002,3.0,-0.37722062143467056,2.962782367048092,0.99,0.0,0.9784334998311551
3.3,0,3.2011985269432306,0.0,1.0069374654500403,0.0,3.3000000000000003,0.0,2.241134282375086,-0.009088288930677549,0.96,-0.03,0.9601072599943661
3.3,1,0.7011985269432307,-3.0,1.0069374654500403,0.0,0.8000000000000003,-3.0,-0.25517865572276693,-3.0627535530346868,0.99,0.0,0.9584337869371198
3.3,2,0.7011985269432307,3.0,1.0069374654500403,0.0,0.8000000000000003,3.0,-0.2884628286196466,2.962782367048092,0.98,0.0,0.9903609195122225
3.4,0,3.298606568651566,0.0,0.9740804170833579,0.0,3.4000000000000004,0.0,2.34098679948907,-0.009088288930677549,0.96,-0.03,0.9576628943874351
3.4,1,0.7986065686515665,-3.0,0.9740804170833579,0.0,0.9000000000000004,-3.0,-0.1553261386087832,-3.0627535530346868,0.98,0.0,0.9559945702772257
3.4,2,0.7986065686515665,3.0,0.9740804170833579,0.0,0.9000000000000004,3.0,-0.18861031071733528,2.962782367048092,0.99,0.0,0.9879181743005925
3.5,0,3.3930358995889294,0.0,0.9442933093736309,0.0,3.5,0.0,2.440839317391381,-0.009088288930677549,0.96,-0.02,0.9522399530288465
3.5,1,0.8930358995889296,-3.0,0.9442933093736309,0.0,1.0,-3.0,-0.06656834500543171,-3.0627535530346868,0.98,0.0,0.9616539474582279
3.5,2,0.8930358995889296,3.0,0.9442933093736309,0.0,1.0,3.0,-0.08875779281502391,2.962782367048092,0.99,0.0,0.9824988583437295
3.6,0,3.4848342049789887,0.0,0.9179830539005914,0.0,3.6,0.0,2.5406918352936927,-0.01817658044440232,0.96,-0.01,0.9443173207728522
3.6,1,0.9848342049789888,-3.0,0.9179830539005914,0.0,1.1,-3.0,0.03328417289687964,-3.0627535530346868,0.97,0.0,0.9536170468138351
3.6,2,0.9848342049789888,3.0,0.9179830539005914,0.0,1.1,3.0,0.01109472429895988,2.962782367048092,1.0,0.0,0.9744504751076657
3.7,0,3.574379084289323,0.0,0.8954487931033449,0.0,3.7,0.0,2.640544352407676,-0.01817658044440232,0.96,0.0,0.9340116137099791
3.7,1,1.0743790842893233,-3.0,0.8954487931033449,0.0,1.2000000000000002,-3.0,0.13313669001086342,-3.0627535530346868,0.98,0.01,0.9433319952198828
3.7,2,1.0743790842893233,3.0,0.8954487931033449,0.0,1.2000000000000002,3.0,0.11094724220127124,2.962782367048092,1.0,0.0,0.964150437717953
3.8,0,3.6620674852539676,0.0,0.8768840096464439,0.0,3.8000000000000003,0.0,2.729302146011028,-0.01817658044440232,0.95,0.01,0.93294242382349
3.8,1,1.1620674852539676,-3.0,0.8768840096464439,0.0,1.3000000000000003,-3.0,0.23298920791317476,-3.0627535530346868,0.98,0.01,0.9311951749472355
3.8,2,1.1620674852539676,3.0,0.8768840096464439,0.0,1.3000000000000003,3.0,0.21079975931525502,2.962782367048092,1.01,0.0,0.9519955034637256
3.9,0,3.7483055599196256,0.0,0.8623807466565795,0.0,3.9000000000000004,0.0,2.8291546631250117,-0.01817658044440232,0.95,0.02,0.9193306038390078
3.9,1,1.2483055599196256,-3.0,0.8623807466565795,0.0,1.4000000000000004,-3.0,0.3328417250271586,-3.0536652615209623,0.99,0.01,0.9170354373142486
3.9,2,1.2483055599196256,3.0,0.8623807466565795,0.0,1.4000000000000004,3.0,0.3106522772175664,2.962782367048092,1.01,0.0,0.9383916190826145
4.0,0,3.8334991280140827,0.0,0.851935680944573,0.0,4.0,0.0,2.929007181027323,-0.009088288930677549,0.94,0.03,0.9045376051660798
4.0,1,1.3334991280140829,-3.0,0.851935680944573,0.0,1.5,-3.0,0.4326942429294699,-3.0536652615209623,0.99,0.02,0.9024020175544911
4.0,2,1.3334991280140829,3.0,0.851935680944573,0.0,1.5,3.0,0.4105047943315501,2.962782367048092,1.01,0.0,0.9237443868368596
4.1,0,3.918044905185592,0.0,0.8454577717150917,0.0,4.1000000000000005,0.0,3.0288596981413067,-0.009088288930677549,0.95,0.03,0.889231651158502
4.1,1,1.4180449051855921,-3.0,0.8454577717150917,0.0,1.6000000000000005,-3.0,0.5325467600434537,-3.0536652615209623,1.01,0.01,0.8871228355443687
4.1,2,1.4180449051855921,3.0,0.8454577717150917,0.0,1.6000000000000005,3.0,0.5103573122338615,2.962782367048092,1.0,0.0,0.9084502840557922
4.2,0,4.002322624705346,0.0,0.8427771951975381,0.0,4.2,0.0,3.1287122160436183,-0.009088288930677549,0.95,0.03,0.8736576807410312
4.2,1,1.5023226247053458,-3.0,0.842777195197538,0.0,1.7000000000000002,-3.0,0.6213045536468051,-3.0536652615209623,1.0,0.01,0.8826510079447172
4.2,2,1.5023226247053458,3.0,0.842777195197538,0.0,1.7000000000000002,3.0,0.6213045536468051,2.962782367048092,1.0,0.0,0.8818038295075923
4.3,0,4.0866881517822895,0.0,0.8436552707694349,0.0,4.3,0.0,3.228564733157602,-0.009088288930677549,0.96,0.02,0.8581715437998442
4.3,1,1.5866881517822893,-3.0,0.8436552707694347,0.0,1.7999999999999998,-3.0,0.7211570715491166,-3.0536652615209623,1.01,0.01,0.8671931798300285
4.3,2,1.5866881517822893,3.0,0.8436552707694347,0.0,1.7999999999999998,3.0,0.7211570715491166,2.962782367048092,1.0,0.0,0.8663308854312801
4.4,0,4.1714676603845895,0.0,0.847795086023,0.0,4.4,0.0,3.3284172510599133,-0.009088288930677549,0.97,0.02,0.843099394886624
4.4,1,1.6714676603845893,-3.0,0.8477950860229998,0.0,1.9000000000000004,-3.0,0.8210095886631003,-3.0445769725902845,1.0,0.01,0.851625527002067
4.4,2,1.6714676603845893,3.0,0.8477950860229998,0.0,1.9000000000000004,3.0,0.8099148643641404,2.962782367048092,1.0,0.01,0.8623562909454515
4.5,0,4.256952914011829,0.0,0.854852536272398,0.0,4.5,0.0,3.4282697681738967,-0.009088288930677549,0.98,0.01,0.8287329806346186
4.5,1,1.756952914011829,-3.0,0.8548525362723978,0.0,2.0,-3.0,0.931956830076044,-3.0445769725902845,1.0,0.01,0.8261995188782766
4.5,2,1.756952914011829,3.0,0.8548525362723978,0.0,2.0,3.0,0.9097673822664517,2.962782367048092,1.0,0.01,0.8480026399730373
4.6,0,4.34339766476699,0.0,0.8644475075516126,0.0,4.6000000000000005,0.0,3.5281222860762087,-0.009088288930677549,0.98,0.02,0.8153260330046409
4.6,1,1.8433976647669903,-3.0,0.8644475075516125,0.0,2.1000000000000005,-3.0,1.0207146236793956,-3.0445769725902845,1.0,0.01,0.8238898546398348
4.6,2,1.8433976647669903,3.0,0.8644475075516125,0.0,2.1000000000000005,3.0,1.0096198993804357,2.962782367048092,1.0,0.01,0.8346080003543815
4.7,0,4.431015159815266,0.0,0.8761749504827607,0.0,4.7,0.0,3.6279748031901917,-0.009088288930677549,0.98,0.01,0.803091782652652
4.7,1,1.9310151598152663,-3.0,0.8761749504827606,0.0,2.2,-3.0,1.120567141581707,-3.0445769725902845,1.0,0.0,0.8116730232944906
4.7,2,1.9310151598152663,3.0,0.8761749504827606,0.0,2.2,3.0,1.109472417282747,2.962782367048092,1.0,0.01,0.8223853293988141
4.8,0,4.519976721288088,0.0,0.8896156147282112,0.0,4.800000000000001,0.0,3.7278273210925037,-0.009088288930677549,0.99,0.01,0.7922015332135574
4.8,1,2.0199767212880873,-3.0,0.889615614728211,0.0,2.3000000000000007,-3.0,1.2204196586956906,-3.0445769725902845,0.99,0.0,0.8007987280376366
4.8,2,2.0199767212880873,3.0,0.889615614728211,0.0,2.3000000000000007,3.0,1.2093249343967307,2.962782367048092,1.0,0.0,0.8115056819226174
4.9,0,4.610411345215902,0.0,0.9043462392781435,0.0,4.9,0.0,3.827679838206487,-0.009088288930677549,0.99,0.0,0.7827842672543421
4.9,1,2.1104113452159017,-3.0,0.9043462392781434,0.0,2.4000000000000004,-3.0,1.320272176598002,-3.0445769725902845,0.99,0.0,0.7913956104689366
4.9,2,2.1104113452159017,3.0,0.9043462392781434,0.0,2.4000000000000004,3.0,1.309177452299042,2.962782367048092,0.99,0.0,0.8020978140858188
5.0,0,4.70240624739223,0.0,0.9199490217632769,0.0,5.0,0.0,3.9386270804077586,-0.009088288930677549,1.0,0.0,0.7638332363252995
5.0,1,2.2024062473922292,-3.0,0.9199490217632769,0.0,2.5,-3.0,1.4201246937119858,-3.0445769725902845,0.99,0.0,0.783550595503373
5.0,2,2.2024062473922292,3.0,0.9199490217632769,0.0,2.5,3.0,1.409029969413026,2.962782367048092,1.0,0.0,0.7942487460881994
5.1,0,4.79600826934497,0.0,0.9360202195273972,0.0,5.1000000000000005,0.0,4.038479597521743,-0.009088288930677549,1.01,0.0,0.7575831872672135
5.1,1,2.296008269344969,-3.0,0.9360202195273973,0.0,2.6000000000000005,-3.0,1.519977211614297,-3.0445769725902845,0.99,0.0,0.7773103042208436
5.1,2,2.296008269344969,3.0,0.9360202195273973,0.0,2.6000000000000005,3.0,1.5088824873153373,2.962782367048092,1.0,0.0,0.7880051706291669
5.2,0,4.891226045903077,0.0,0.952177765581071,0.0,5.2,0.0,4.1383321154240535,-0.009088288930677549,1.01,0.0,0.7529487814903751
5.2,1,2.391226045903076,-3.0,0.9521777655810713,0.0,2.7,-3.0,1.6198297287282808,-3.0445769725902845,1.0,0.0,0.7726832369322841
5.2,2,2.391226045903076,3.0,0.9521777655810713,0.0,2.7,3.0,1.608735004429321,2.962782367048092,1.01,0.0,0.7833756328794156
5.3,0,4.988032827209472,0.0,0.9680678130639502,0.0,5.300000000000001,0.0,4.2381846325380375,-0.009088288930677549,1.01,0.0,0.749903268460471
5.3,1,2.488032827209471,-3.0,0.9680678130639505,0.0,2.8000000000000007,-3.0,1.7196822466305923,-3.0445769725902845,1.0,0.0,0.7696425931308735
5.3,2,2.488032827209471,3.0,0.9680678130639505,0.0,2.8000000000000007,3.0,1.7085875223316325,2.962782367048092,1.01,0.01,0.7803333489596929
5.4,0,5.086369842389508,0.0,0.9833701518003597,0.0,5.4,0.0,4.349131874739308,-0.009088288930677549,1.01,0.0,0.7372939833883659
5.4,1,2.586369842389507,-3.0,0.9833701518003601,0.0,2.9000000000000004,-3.0,1.819534763744576,-3.0445769725902845,1.01,0.0,0.7681296403119022
5.4,2,2.586369842389507,3.0,0.9833701518003601,0.0,2.9000000000000004,3.0,1.7973453159349837,2.962782367048092,1.02,0.01,0.7899018012065345
5.5,0,5.186150089323321,0.0,0.9978024693381269,0.0,5.5,0.0,4.448984391853292,-0.009088288930677549,1.0,0.0,0.7372217186994432
5.5,1,2.68615008932332,-3.0,0.9978024693381273,0.0,3.0,-3.0,1.9193872816468873,-3.0445769725902845,1.01,0.0,0.768057491156203
5.5,2,2.68615008932332,3.0,0.9978024693381273,0.0,3.0,3.0,1.8971978330489676,2.962782367048092,1.01,0.02,0.7898296112978636
5.6,0,5.2872624349216375,0.0,1.0111234559831672,0.0,5.6000000000000005,0.0,4.548836909755604,-0.009088288930677549,1.0,0.0,0.7384814508248803
5.6,1,2.7872624349216366,-3.0,1.0111234559831677,0.0,3.1000000000000005,-3.0,2.0192397987608715,-3.0445769725902845,1.02,0.01,0.7693151994733017
5.6,2,2.7872624349216366,3.0,1.0111234559831677,0.0,3.1000000000000005,3.0,2.0081450744619116,2.97187065597877,1.02,0.02,0.7796249876477753
5.7,0,5.38957591275462,0.0,1.0231347783298277,0.0,5.7,0.0,4.659784151168547,-0.009088288930677549,0.99,0.0,0.7298483488195278
5.7,1,2.8895759127546192,-3.0,1.0231347783298284,0.0,3.2,-3.0,2.1190923166631825,-3.0445769725902845,1.02,0.01,0.7717720378008698
5.7,2,2.8895759127546192,3.0,1.0231347783298284,0.0,3.2,3.0,2.096902868065263,2.97187065597877,1.01,0.04,0.79317199633633
5.8,0,5.492944109581511,0.0,1.0336819682689051,0.0,5.800000000000001,0.0,4.759636669070859,-0.009088288930677549,0.98,0.0,0.7333637564701235
5.8,1,2.9929441095815097,-3.0,1.0336819682689058,0.0,3.3000000000000007,-3.0,2.218944833777166,-3.0445769725902845,1.03,0.01,0.7752818748242238
5.8,2,2.9929441095815097,3.0,1.0336819682689058,0.0,3.3000000000000007,3.0,2.207850109478206,2.97187065597877,1.01,0.03,0.7855977653947793
5.9,0,5.597209538995964,0.0,1.04265429414453,0.0,5.9,0.0,4.859489186184843,-0.009088288930677549,0.97,-0.01,0.7377763319241493
5.9,1,3.097209538995963,-3.0,1.0426542941445307,0.0,3.4000000000000004,-3.0,2.3187973516794775,-3.0445769725902845,1.03,0.02,0.7796875270569295
5.9,2,3.097209538995963,3.0,1.0426542941445307,0.0,3.4000000000000004,3.0,2.3077026273805177,2.97187065597877,1.01,0.04,0.7900078629251883
6.0,0,5.702207908738329,0.0,1.049983697423652,0.0,6.0,0.0,4.959341704087153,-0.009088288930677549,0.97,-0.01,0.7429217960246755
6.0,1,3.202207908738328,-3.0,1.0499836974236527,0.0,3.5,-3.0,2.4186498687934614,-3.0445769725902845,1.04,0.02,0.7848250177253248
6.0,2,3.202207908738328,3.0,1.0499836974236527,0.0,3.5,3.0,2.407555145282829,2.9809589449094474,1.02,0.03,0.794880856636026
6.1,0,5.807772197919771,0.0,1.0556428918144223,0.0,6.1000000000000005,0.0,5.059194221201138,-0.009088288930677549,0.96,-0.02,0.7486331439522631
6.1,1,3.3077721979197703,-3.0,1.055642891814423,0.0,3.6000000000000005,-3.0,2.529597110994733,-3.0445769725902845,1.03,0.03,0.7794508146099436
6.1,2,3.3077721979197703,3.0,1.055642891814423,0.0,3.6000000000000005,3.0,2.507407662396813,2.9809589449094474,1.02,0.03,0.8005910013870006
6.2,0,5.913736471137393,0.0,1.0596427321762194,0.0,6.2,0.0,5.159046739103449,-0.01817658044440232,0.96,-0.01,0.754908590303567
6.2,1,3.4137364711373923,-3.0,1.05964273217622,0.0,3.7,-3.0,2.6294496281087163,-3.035488683659607,1.04,0.03,0.7850893572172398
6.2,2,3.4137364711373923,3.0,1.05964273217622,0.0,3.7,3.0,2.607260180299124,2.9809589449094474,1.02,0.02,0.8067010409459084
6.3,0,6.019939367920418,0.0,1.0620289678302417,0.0,6.300000000000001,0.0,5.258899256217433,-0.01817658044440232,0.96,-0.01,0.7612571442669972
6.3,1,3.5199393679204167,-3.0,1.0620289678302424,0.0,3.8000000000000007,-3.0,2.729302146011028,-3.035488683659607,1.03,0.03,0.791433296833339
6.3,2,3.5199393679204167,3.0,1.0620289678302424,0.0,3.8000000000000007,3.0,2.707112697413108,2.9809589449094474,1.03,0.02,0.8130496651908531
6.4,0,6.126227217830127,0.0,1.0628784990970976,0.0,6.4,0.0,5.347657049820785,-0.01817658044440232,0.96,0.0,0.7787823152786328
6.4,1,3.6262272178301265,-3.0,1.0628784990970983,0.0,3.9000000000000004,-3.0,2.8291546631250117,-3.035488683659607,1.03,0.03,0.7978622087378433
6.4,2,3.6262272178301265,3.0,1.0628784990970983,0.0,3.9000000000000004,3.0,2.8069652153154196,2.9809589449094474,1.03,0.01,0.8194832460418998
6.5,0,6.23245674355081,0.0,1.0622952572068312,0.0,6.5,0.0,5.458604291233728,-0.01817658044440232,0.96,0.0,0.7740658925658809
6.5,1,3.73245674355081,-3.0,1.0622952572068318,0.0,4.0,-3.0,2.9401019053262827,-3.035488683659607,1.03,0.02,0.7931491891981661
6.5,2,3.73245674355081,3.0,1.0622952572068318,0.0,4.0,3.0,2.917912456728363,2.9809589449094474,1.03,0.01,0.8147668114092829
6.6,0,6.3384973261856254,0.0,1.0604058263481553,0.0,6.6000000000000005,0.0,5.55845680913604,-0.01817658044440232,0.97,0.0,0.7802522645373335
6.6,1,3.8384973261856254,-3.0,1.060405826348156,0.0,4.1000000000000005,-3.0,3.0399544224402666,-3.035488683659607,1.03,0.01,0.7993311052310933
6.6,2,3.8384973261856254,3.0,1.060405826348156,0.0,4.1000000000000005,3.0,3.017764973842347,2.9809589449094474,1.03,0.0,0.8209531996173064
6.7,0,6.4442328184646795,0.0,1.0573549227905428,0.0,6.7,0.0,5.6583093262500235,-0.01817658044440232,0.96,0.01,0.7861336551067716
6.7,1,3.94423281846468,-3.0,1.0573549227905434,0.0,4.2,-3.0,3.139806940342578,-3.035488683659607,1.02,0.01,0.8052083209085749
6.7,2,3.94423281846468,3.0,1.0573549227905434,0.0,4.2,3.0,3.117617491744658,2.9809589449094474,1.03,0.0,0.826834602654854
6.8,0,6.549562902464896,0.0,1.0533008400021577,0.0,6.800000000000001,0.0,5.747067119853375,-0.01817658044440232,0.97,0.01,0.8027016065674276
6.8,1,4.049562902464896,-3.0,1.0533008400021582,0.0,4.300000000000001,-3.0,3.2396594574565616,-3.035488683659607,1.02,0.0,0.8106806010410383
6.8,2,4.049562902464896,3.0,1.0533008400021582,0.0,4.300000000000001,3.0,3.217470008858642,2.9809589449094474,1.03,0.0,0.8323107264531616
6.9,0,6.6544039985449395,0.0,1.0484109608004397,0.0,6.9,0.0,5.846919637755686,-0.01817658044440232,0.97,0.01,0.8076889135031388
6.9,1,4.1544039985449395,-3.0,1.04841096080044,0.0,4.4,-3.0,3.3395119753588727,-3.0445769725902845,1.01,0.0,0.8161103576953279
6.9,2,4.1544039985449395,3.0,1.04841096080044,0.0,4.4,3.0,3.317322526760953,2.97187065597877,1.04,0.0,0.8375539686486535
7.0,0,6.758689741357848,0.0,1.0428574281290903,0.0,7.0,0.0,5.946772154869669,-0.01817658044440232,0.98,0.02,0.8121210225855761
7.0,1,4.258689741357848,-3.0,1.0428574281290905,0.0,4.5,-3.0,3.450459216771817,-3.0445769725902845,1.02,-0.01,0.8094588855265762
7.0,2,4.258689741357848,3.0,1.0428574281290905,0.0,4.5,3.0,3.4282697681738967,2.97187065597877,1.04,-0.01,0.8308962581802254
7.1,0,6.862371046896076,0.0,1.0368130553822712,0.0,7.1000000000000005,0.0,6.0577193962826135,-0.009088288930677549,0.98,0.03,0.8047029736683325
7.1,1,4.362371046896076,-3.0,1.0368130553822714,0.0,4.6000000000000005,-3.0,3.5503117346741284,-3.0445769725902845,1.01,0.0,0.8132818902764879
7.1,2,4.362371046896076,3.0,1.0368130553822714,0.0,4.6000000000000005,3.0,3.5281222860762087,2.97187065597877,1.04,-0.01,0.8347228611488658
7.2,0,6.965415801458246,0.0,1.0304475456216957,0.0,7.2,0.0,6.157571914184924,-0.01817658044440232,0.99,0.03,0.8080483489751853
7.2,1,4.465415801458246,-3.0,1.030447545621696,0.0,4.7,-3.0,3.6501642517881114,-3.0445769725902845,1.02,0.0,0.8164693476946151
7.2,2,4.465415801458246,3.0,1.030447545621696,0.0,4.7,3.0,3.6279748031901917,2.97187065597877,1.03,0.0,0.8379132923968085
7.3,0,7.067808209145868,0.0,1.0239240768762268,0.0,7.300000000000001,0.0,6.257424431298909,-0.01817658044440232,0.99,0.04,0.810587598889942
7.3,1,4.567808209145868,-3.0,1.023924076876227,0.0,4.800000000000001,-3.0,3.7500167696904234,-3.0445769725902845,1.01,0.0,0.8190054608681941
7.3,2,4.567808209145868,3.0,1.023924076876227,0.0,4.800000000000001,3.0,3.738922045391463,2.97187065597877,1.03,0.0,0.8293633295839399
7.4,0,7.169547838974361,0.0,1.0173962982849303,0.0,7.4,0.0,6.3572769492012196,-0.009088288930677549,0.99,0.04,0.8123217314392974
7.4,1,4.669547838974361,-3.0,1.0173962982849305,0.0,4.9,-3.0,3.849869286804407,-3.0445769725902845,1.01,0.0,0.8208897827191826
7.4,2,4.669547838974361,3.0,1.0173962982849305,0.0,4.9,3.0,3.8387745625054475,2.97187065597877,1.02,0.0,0.8312493590313067
7.5,0,7.270648415917675,0.0,1.0110057694331422,0.0,7.5,0.0,6.457129466315204,-0.009088288930677549,0.99,0.04,0.8135697132747719
7.5,1,4.770648415917675,-3.0,1.0110057694331425,0.0,5.0,-3.0,3.949721804706719,-3.0445769725902845,1.01,0.01,0.8221360030308972
7.5,2,4.770648415917675,3.0,1.0110057694331425,0.0,5.0,3.0,3.9386270804077586,2.97187065597877,1.02,0.0,0.832496704341086
7.6,0,7.371136402228027,0.0,1.0048798631035138,0.0,7.6000000000000005,0.0,6.556981984217515,0.0,0.98,0.03,0.8141544180105118
7.6,1,4.871136402228027,-3.0,1.004879863103514,0.0,5.1000000000000005,-3.0,4.060669046119663,-3.0445769725902845,1.0,0.01,0.8116923319845993
7.6,2,4.871136402228027,3.0,1.004879863103514,0.0,5.1000000000000005,3.0,4.038479597521743,2.97187065597877,1.01,0.0,0.8331318109511503
7.7,0,7.471049416233981,0.0,0.999130140059548,0.0,7.7,0.0,6.6568345021198265,0.0,0.98,0.02,0.8142149141141548
7.7,1,4.971049416233981,-3.0,0.9991301400595481,0.0,5.2,-3.0,4.160521564021973,-3.0445769725902845,1.0,0.02,0.8117527367965727
7.7,2,4.971049416233981,3.0,0.9991301400595481,0.0,5.2,3.0,4.149426839723013,2.97187065597877,1.01,0.0,0.8221039582848307
7.8,0,7.570434535594672,0.0,0.9938511936069128,0.0,7.800000000000001,0.0,6.7566870192338095,0.0,0.98,0.01,0.8137475163608627
7.8,1,5.070434535594672,-3.0,0.9938511936069129,0.0,5.300000000000001,-3.0,4.260374081135957,-3.0445769725902845,1.0,0.02,0.8112860447235457
7.8,2,5.070434535594672,3.0,0.9938511936069129,0.0,5.300000000000001,3.0,4.2381846325380375,2.97187065597877,1.0,0.01,0.8327251414079214
7.9,0,7.669346530766131,0.0,0.9891199517145814,0.0,7.9,0.0,6.856539537136122,0.0,0.99,0.0,0.8128069936300086
7.9,1,5.169346530766131,-3.0,0.9891199517145816,0.0,5.4,-3.0,4.360226599038269,-3.0445769725902845,1.0,0.03,0.8103469444655264
7.9,2,5.169346530766131,3.0,0.9891199517145816,0.0,5.4,3.0,4.349131874739308,2.97187065597877,1.0,0.0,0.82069686362034
8.0,0,7.767846072322803,0.0,0.9849954155667311,0.0,8.0,0.0,6.956392054250105,0.0,0.99,-0.01,0.8114540180726983
8.0,1,5.267846072322803,-3.0,0.9849954155667312,0.0,5.5,-3.0,4.460079116152252,-3.0445769725902845,0.99,0.04,0.8089960209830162
8.0,2,5.267846072322803,3.0,0.9849954155667312,0.0,5.5,3.0,4.448984391853292,2.962782367048092,1.0,0.01,0.8197070232368969
8.1,0,7.863818465709961,0.0,0.9597239338715763,0.0,8.0,0.0,7.056244572152417,0.0,0.99,-0.01,0.8075738935575432
8.1,1,5.363818465709961,-3.0,0.9597239338715764,0.0,5.5,-3.0,4.559931634054564,-3.0445769725902845,0.99,0.05,0.805121819723119
8.1,2,5.363818465709961,3.0,0.9597239338715764,0.0,5.5,3.0,4.548836909755604,2.962782367048092,1.0,0.0,0.8158309192156958
8.2,0,7.955372498731605,0.0,0.9155403302164482,0.0,8.0,0.0,7.1560970892664,0.0,0.99,-0.02,0.7992754094652046
8.2,1,5.455372498731605,-3.0,0.9155403302164482,0.0,5.5,-3.0,4.659784151168547,-3.0445769725902845,0.98,0.05,0.796836197259783
8.2,2,5.455372498731605,3.0,0.9155403302164482,0.0,5.5,3.0,4.648689426869588,2.962782367048092,1.0,0.01,0.8075411634283935
8.3,0,8.04086346038119,0.0,0.8549096164958552,0.0,8.0,0.0,7.255949607168712,0.0,0.99,-0.01,0.7849138532124789
8.3,1,5.540863460381191,-3.0,0.8549096164958552,0.0,5.5,-3.0,4.759636669070859,-3.0445769725902845,0.98,0.05,0.7824975437318332
8.3,2,5.540863460381191,3.0,0.8549096164958552,0.0,5.5,3.0,4.748541944771899,2.962782367048092,0.99,0.01,0.7931951438958434
8.4,0,8.118909026695118,0.0,0.7804556631392733,0.0,8.0,0.0,7.355802124282696,0.0,0.95,-0.02,0.7631069024124217
8.4,1,5.6189090266951185,-3.0,0.7804556631392733,0.0,5.5,-3.0,4.848394461885883,-3.0445769725902845,0.94,0.03,0.7718029548197392
8.4,2,5.6189090266951185,3.0,0.7804556631392733,0.0,5.5,3.0,4.848394461885883,2.962782367048092,0.96,0.02,0.7714128899530447
8.5,0,8.188398234375407,0.0,0.6948920768029008,0.0,8.0,0.0,7.455654642185007,0.0,0.9,-0.02,0.7327435921904
8.5,1,5.688398234375408,-3.0,0.6948920768029008,0.0,5.5,-3.0,4.948246979788194,-3.035488683659607,0.89,0.03,0.7410015697250035
8.5,2,5.688398234375408,3.0,0.6948920768029008,0.0,5.5,3.0,4.9371522554892335,2.962782367048092,0.89,0.01,0.7521673171543616
8.6,0,8.248493894726273,0.0,0.6009566035086633,0.0,8.0,0.0,7.544412435000031,0.0,0.8,-0.02,0.7040814597262424
8.6,1,5.748493894726274,-3.0,0.6009566035086633,0.0,5.5,-3.0,5.037004773391546,-3.035488683659607,0.8,0.02,0.7123736494604186
8.6,2,5.748493894726274,3.0,0.6009566035086633,0.0,5.5,3.0,5.025910049092586,2.962782367048092,0.8,0.01,0.7235416824021359
8.7,0,8.298628914205084,0.0,0.5013501947881093,0.0,8.0,0.0,7.622075504304422,0.0,0.69,-0.02,0.676553409900662
8.7,1,5.798628914205085,-3.0,0.5013501947881092,0.0,5.5,-3.0,5.1035731183969775,-3.035488683659607,0.7,0.02,0.6959612100931583
8.7,2,5.798628914205085,3.0,0.5013501947881092,0.0,5.5,3.0,5.1035731183969775,2.962782367048092,0.7,0.01,0.6960515149678107
8.8,0,8.33849708257373,0.0,0.39868168368645684,0.0,8.0,0.0,7.688643849309854,0.0,0.58,-0.01,0.6498532332638751
8.8,1,5.83849708257373,-3.0,0.3986816836864566,0.0,5.5,-3.0,5.170141463402409,-3.035488683659607,0.6,0.02,0.669297153994974
8.8,2,5.83849708257373,3.0,0.3986816836864566,0.0,5.5,3.0,5.170141463402409,2.962782367048092,0.59,0.02,0.6693910560206368
8.9,0,8.36803896471697,0.0,0.29541882143239706,0.0,8.0,0.0,7.7441174700163256,-0.009088288930677549,0.48,-0.01,0.6239876830075842
8.9,1,5.86803896471697,-3.0,0.2954188214323968,0.0,5.5,-3.0,5.225615084108881,-3.035488683659607,0.51,0.02,0.6434033641841231
8.9,2,5.86803896471697,3.0,0.2954188214323968,0.0,5.5,3.0,5.225615084108881,2.962782367048092,0.49,0.03,0.6435010447373793
9.0,0,8.387423587600686,0.0,0.19384622883716726,0.0,8.0,0.0,7.788496367212165,-0.009088288930677549,0.38,0.0,0.5989961705370144
9.0,1,5.887423587600686,-3.0,0.19384622883716696,0.0,5.5,-3.0,5.281088704815352,-3.035488683659607,0.42,0.03,0.6073725683221103
9.0,2,5.887423587600686,3.0,0.19384622883716696,0.0,5.5,3.0,5.269993980516393,2.962782367048092,0.41,0.05,0.6185502986069993
9.1,0,8.397026649936027,0.0,0.09603062335341163,0.0,8.0,0.0,7.821780539320717,0.0,0.3,0.0,0.5752461106153097
9.1,1,5.897026649936027,-3.0,0.0960306233534113,0.0,5.5,-3.0,5.314372876923905,-3.035488683659607,0.35,0.03,0.5837335572614902
9.1,2,5.897026649936027,3.0,0.0960306233534113,0.0,5.5,3.0,5.314372876923905,2.962782367048092,0.34,0.05,0.5838412210591205
9.2,0,8.397405999644398,0.0,0.0037934970837141396,0.0,8.0,0.0,7.8550647122175965,0.0,0.22,0.01,0.5423412874268019
9.2,1,5.897405999644398,-3.0,0.0037934970837138066,0.0,5.5,-3.0,5.347657049820785,-3.035488683659607,0.27,0.03,0.5508932333039296
9.2,2,5.897405999644398,3.0,0.0037934970837138066,0.0,5.5,3.0,5.347657049820785,2.962782367048092,0.28,0.06,0.5510073139575454
9.3,0,8.38927512427387,0.0,-0.08130875370527062,0.0,8.0,0.0,7.8772541600271895,0.0,0.17,0.01,0.5120209642466813
9.3,1,5.889275124273872,-3.0,-0.08130875370527095,0.0,5.5,-3.0,5.380941221929336,-3.035488683659607,0.22,0.03,0.5095711951638509
9.3,2,5.889275124273872,3.0,-0.08130875370527095,0.0,5.5,3.0,5.380941221929336,2.97187065597877,0.22,0.05,0.5091115951025752
9.4,0,8.3734753834813,0.0,-0.1579974079257173,0.0,8.0,0.0,7.899443608625109,0.0,0.12,0.01,0.47403177485618997
9.4,1,5.8734753834813,-3.0,-0.15799740792571765,0.0,5.5,-3.0,5.403130670527256,-3.0264003947289293,0.17,0.03,0.47108505585049654
9.4,2,5.8734753834813,3.0,-0.15799740792571765,0.0,5.5,3.0,5.403130670527256,2.97187065597877,0.18,0.05,0.47118511118124995
9.5,0,8.350947682185904,0.0,-0.22527701295396102,0.0,8.0,0.0,7.910538332924069,0.0,0.09,0.01,0.4404093492618353
9.5,1,5.850947682185904,-3.0,-0.2252770129539614,0.0,5.5,-3.0,5.425320119125176,-3.0264003947289293,0.13,0.02,0.4264455455024211
9.5,2,5.850947682185904,3.0,-0.2252770129539614,0.0,5.5,3.0,5.414225394826216,2.97187065597877,0.13,0.04,0.43762725723124507
9.6,0,8.322704239823082,0.0,-0.28243442362821325,0.0,8.0,0.0,7.921633057223029,0.0,0.07,0.01,0.40107118260005326
9.6,1,5.822704239823082,-3.0,-0.2824344236282137,0.0,5.5,-3.0,5.436414843424136,-3.0264003947289293,0.1,0.01,0.3871904939588593
9.6,2,5.822704239823082,3.0,-0.2824344236282137,0.0,5.5,3.0,5.436414843424136,2.9809589449094474,0.1,0.03,0.3867583994552977
9.7,0,8.289801057216316,0.0,-0.3290318260676556,0.0,8.0,0.0,7.932727781521989,0.0,0.05,0.0,0.3570732756943267
9.7,1,5.789801057216317,-3.0,-0.329031826067656,0.0,5.5,-3.0,5.447509566934768,-3.0264003947289293,0.08,0.01,0.34330809073047935
9.7,2,5.789801057216317,3.0,-0.329031826067656,0.0,5.5,3.0,5.447509566934768,2.9809589449094474,0.07,0.03,0.34282069088391565
9.8,0,8.253311619953399,0.0,-0.3648943726291682,0.0,8.0,0.0,7.943822505032621,0.0,0.04,0.01,0.3094891149207779
9.8,1,5.7533116199534,-3.0,-0.36489437262916863,0.0,5.5,-3.0,5.458604291233728,-3.0264003947289293,0.05,0.01,0.2958874624632276
9.8,2,5.7533116199534,3.0,-0.36489437262916863,0.0,5.5,3.0,5.447509566934768,2.9809589449094474,0.06,0.02,0.3063942842309101
9.9,0,8.214302307843004,0.0,-0.3900931211039407,0.0,8.0,0.0,7.954917229331581,0.009088288930677549,0.03,0.0,0.25954424661329834
9.9,1,5.714302307843005,-3.0,-0.3900931211039411,0.0,5.5,-3.0,5.458604291233728,-3.0264003947289293,0.04,0.01,0.2570573020549339
9.9,2,5.714302307843005,3.0,-0.3900931211039411,0.0,5.5,3.0,5.458604291233728,2.9809589449094474,0.04,0.01,0.25640600124973617
