time,drone_id,sim_x,sim_y,sim_vx,sim_vy,target_x,target_y
0.0,0,1.7320508075688774,0.0,0.0,0.0,1.7320508075688774,0.0
0.0,1,-0.8660254037844386,1.4999999999999998,0.0,0.0,-0.8660254037844386,1.4999999999999998
0.0,2,-0.8660254037844386,-1.4999999999999998,0.0,0.0,-0.8660254037844386,-1.4999999999999998
0.1,0,1.7343401848582547,0.0,0.022893772893772896,0.0,1.8320508075688775,0.0
0.1,1,-0.8637360264950613,1.4999999999999998,0.022893772893772896,0.0,-0.7660254037844386,1.4999999999999998
0.1,2,-0.8637360264950613,-1.4999999999999998,0.022893772893772896,0.0,-0.7660254037844386,-1.4999999999999998
0.2,0,1.7408528334581286,0.0,0.06512648599873874,0.0,1.9320508075688774,0.0
0.2,1,-0.8572233778951874,1.4999999999999998,0.06512648599873874,0.0,-0.6660254037844386,1.4999999999999998
0.2,2,-0.8572233778951874,-1.4999999999999998,0.06512648599873874,0.0,-0.6660254037844386,-1.4999999999999998
0.3,0,1.753209007117538,0.0,0.12356173659409234,0.0,2.0320508075688775,0.0
0.3,1,-0.8448672042357782,1.4999999999999998,0.12356173659409234,0.0,-0.5660254037844386,1.4999999999999998
0.3,2,-0.8448672042357782,-1.4999999999999998,0.12356173659409234,0.0,-0.5660254037844386,-1.4999999999999998
0.4,0,1.772752738786953,0.0,0.19543731669415254,0.0,2.1320508075688775,0.0
0.4,1,-0.825323472566363,1.4999999999999998,0.19543731669415254,0.0,-0.4660254037844386,1.4999999999999998
0.4,2,-0.825323472566363,-1.4999999999999998,0.19543731669415254,0.0,-0.4660254037844386,-1.4999999999999998
0.5,0,1.8005852793478667,0.0,0.2783254056091371,0.0,2.2320508075688776,0.0
0.5,1,-0.7974909320054493,1.4999999999999998,0.2783254056091371,0.0,-0.3660254037844386,1.4999999999999998
0.5,2,-0.7974909320054493,-1.4999999999999998,0.2783254056091371,0.0,-0.3660254037844386,-1.4999999999999998
0.6,0,1.8375949554285753,0.0,0.37009676080708676,0.0,2.3320508075688773,0.0
0.6,1,-0.7604812559247406,1.4999999999999998,0.37009676080708676,0.0,-0.2660254037844386,1.4999999999999998
0.6,2,-0.7604812559247406,-1.4999999999999998,0.37009676080708676,0.0,-0.2660254037844386,-1.4999999999999998
0.7,0,1.8844838072736176,0.0,0.4688885184504241,0.0,2.4320508075688774,0.0
0.7,1,-0.7135924040796982,1.4999999999999998,0.4688885184504241,0.0,-0.16602540378443864,1.4999999999999998
0.7,2,-0.7135924040796982,-1.4999999999999998,0.4688885184504241,0.0,-0.16602540378443864,-1.4999999999999998
0.8,0,1.9417913324737404,0.0,0.5730752520012262,0.0,2.5320508075688775,0.0
0.8,1,-0.6562848788795755,1.4999999999999998,0.5730752520012262,0.0,-0.06602540378443866,1.4999999999999998
0.8,2,-0.6562848788795755,-1.4999999999999998,0.5730752520012262,0.0,-0.06602540378443866,-1.4999999999999998
0.9,0,2.00991562955659,0.0,0.6812429708284966,0.0,2.632050807568877,0.0
0.9,1,-0.5881605817967259,1.4999999999999998,0.6812429708284966,0.0,0.033974596215561315,1.4999999999999998
0.9,2,-0.5881605817967259,-1.4999999999999998,0.6812429708284966,0.0,0.033974596215561315,-1.4999999999999998
1.0,0,2.0890938447510408,0.0,0.7917821519445096,0.0,2.732050807568877,0.0
1.0,1,-0.5089823666022749,1.4999999999999998,0.7917821519445096,0.0,0.1339745962155613,1.4999999999999998
1.0,2,-0.5089823666022749,-1.4999999999999998,0.7917821519445096,0.0,0.1339745962155613,-1.4999999999999998
1.1,0,2.179274827186952,0.0,0.901809824359113,0.0,2.8320508075688773,0.0
1.1,1,-0.4188013841663636,1.4999999999999998,0.901809824359113,0.0,0.23397459621556127,1.4999999999999998
1.1,2,-0.4188013841663636,-1.4999999999999998,0.901809824359113,0.0,0.23397459621556127,-1.4999999999999998
1.2,0,2.2801454049831333,0.0,1.0087057779618103,0.0,2.9320508075688774,0.0
1.2,1,-0.31793080637018256,1.4999999999999998,1.0087057779618103,0.0,0.33397459621556136,1.4999999999999998
1.2,2,-0.31793080637018256,-1.4999999999999998,1.0087057779618103,0.0,0.33397459621556136,-1.4999999999999998
1.3,0,2.3911600580753865,0.0,1.1101465309225307,0.0,3.0320508075688775,0.0
1.3,1,-0.2069161532779295,1.4999999999999998,1.1101465309225307,0.0,0.43397459621556145,1.4999999999999998
1.3,2,-0.2069161532779295,-1.4999999999999998,1.1101465309225307,0.0,0.43397459621556145,-1.4999999999999998
1.4,0,2.5115730922656025,0.0,1.204130341902161,0.0,3.1320508075688775,0.0
1.4,1,-0.08650311908771341,1.4999999999999998,1.204130341902161,0.0,0.5339745962155615,1.4999999999999998
1.4,2,-0.08650311908771341,-1.4999999999999998,1.204130341902161,0.0,0.5339745962155615,-1.4999999999999998
1.5,0,2.6404724347853206,0.0,1.2889934251971797,0.0,3.2320508075688776,0.0
1.5,1,0.04239622343200458,1.4999999999999998,1.2889934251971797,0.0,0.6339745962155616,1.4999999999999998
1.5,2,0.04239622343200458,-1.4999999999999998,1.2889934251971797,0.0,0.6339745962155616,-1.4999999999999998
1.6,0,2.7768142052983786,0.0,1.36341770513058,0.0,3.3320508075688777,0.0
1.6,1,0.1787379939450626,1.4999999999999998,1.36341770513058,0.0,0.7339745962155617,1.4999999999999998
1.6,2,0.1787379939450626,-1.4999999999999998,1.36341770513058,0.0,0.7339745962155617,-1.4999999999999998
1.7,0,2.919457265575314,0.0,1.4264306027693565,0.0,3.432050807568878,0.0
1.7,1,0.32138105422199825,1.4999999999999998,1.4264306027693565,0.0,0.8339745962155618,1.4999999999999998
1.7,2,0.32138105422199825,-1.4999999999999998,1.4264306027693565,0.0,0.8339745962155618,-1.4999999999999998
1.8,0,3.0671970137465747,0.0,1.4773974817126079,0.0,3.532050807568878,0.0
1.8,1,0.46912080239325904,1.4999999999999998,1.4773974817126079,0.0,0.9339745962155619,1.4999999999999998
1.8,2,0.46912080239325904,-1.4999999999999998,1.4773974817126079,0.0,0.9339745962155619,-1.4999999999999998
1.9,0,3.218797762666658,0.0,1.5160074892008355,0.0,3.632050807568878,0.0
1.9,1,0.6207215513133426,1.4999999999999998,1.5160074892008355,0.0,1.033974596215562,1.4999999999999998
1.9,2,0.6207215513133426,-1.4999999999999998,1.5160074892008355,0.0,1.033974596215562,-1.4999999999999998
2.0,0,3.373023124036444,0.0,1.5422536136978593,0.0,3.7320508075688776,0.0
2.0,1,0.7749469126831285,1.4999999999999998,1.5422536136978593,0.0,1.1339745962155618,1.4999999999999998
2.0,2,0.7749469126831285,-1.4999999999999998,1.5422536136978593,0.0,1.1339745962155618,-1.4999999999999998
2.1,0,3.528663908087421,0.0,1.5564078405097699,0.0,3.832050807568878,0.0
2.1,1,0.9305876967341056,1.4999999999999998,1.5564078405097699,0.0,1.233974596215562,1.4999999999999998
2.1,2,0.9305876967341056,-1.4999999999999998,1.5564078405097699,0.0,1.233974596215562,-1.4999999999999998
2.2,0,3.6845631404441566,0.0,1.558992323567356,0.0,3.932050807568878,0.0
2.2,1,1.0864869290908412,1.4999999999999998,1.558992323567356,0.0,1.333974596215562,1.4999999999999998
2.2,2,1.0864869290908412,-1.4999999999999998,1.558992323567356,0.0,1.333974596215562,-1.4999999999999998
2.3,0,3.839637890975211,0.0,1.5507475053105448,0.0,4.032050807568878,0.0
2.3,1,1.2415616796218958,1.4999999999999998,1.5507475053105448,0.0,1.4339745962155621,1.4999999999999998
2.3,2,1.2415616796218958,-1.4999999999999998,1.5507475053105448,0.0,1.4339745962155621,-1.4999999999999998
2.4,0,3.9928977018932477,0.0,1.5325981091803658,0.0,4.132050807568878,0.0
2.4,1,1.3948214905399323,1.4999999999999998,1.5325981091803658,0.0,1.5339745962155622,1.4999999999999998
2.4,2,1.3948214905399323,-1.4999999999999998,1.5325981091803658,0.0,1.5339745962155622,-1.4999999999999998
2.5,0,4.143459492132237,0.0,1.5056179023898908,0.0,4.2320508075688785,0.0
2.5,1,1.5453832807789214,1.4999999999999998,1.5056179023898908,0.0,1.6339745962155623,1.4999999999999998
2.5,2,1.5453832807789214,-1.4999999999999998,1.5056179023898908,0.0,1.6339745962155623,-1.4999999999999998
2.6,0,4.29055890038497,0.0,1.4709940825273267,0.0,4.332050807568878,0.0
2.6,1,1.692482689031654,1.4999999999999998,1.4709940825273267,0.0,1.7339745962155624,1.4999999999999998
2.6,2,1.692482689031654,-1.4999999999999998,1.4709940825273267,0.0,1.7339745962155624,-1.4999999999999998
2.7,0,4.433558108631383,0.0,1.4299920824641306,0.0,4.432050807568879,0.0
2.7,1,1.835481897278067,1.4999999999999998,1.4299920824641306,0.0,1.8339745962155625,1.4999999999999998
2.7,2,1.835481897278067,-1.4999999999999998,1.4299920824641306,0.0,1.8339745962155625,-1.4999999999999998
2.8,0,4.571950260277381,0.0,1.3839215164599825,0.0,4.532050807568878,0.0
2.8,1,1.9738740489240654,1.4999999999999998,1.3839215164599825,0.0,1.9339745962155626,1.4999999999999998
2.8,2,1.9738740489240654,-1.4999999999999998,1.3839215164599825,0.0,1.9339745962155626,-1.4999999999999998
2.9,0,4.70536065115847,0.0,1.33410390881089,0.0,4.632050807568879,0.0
2.9,1,2.1072844398051545,1.4999999999999998,1.33410390881089,0.0,2.033974596215563,1.4999999999999998
2.9,2,2.1072844398051545,-1.4999999999999998,1.33410390881089,0.0,2.033974596215563,-1.4999999999999998
3.0,0,4.833544926901181,0.0,1.2818427574271096,0.0,4.7320508075688785,0.0
3.0,1,2.2354687155478654,1.4999999999999998,1.2818427574271094,0.0,2.1339745962155625,1.4999999999999998
3.0,2,2.2354687155478654,-1.4999999999999998,1.2818427574271094,0.0,2.1339745962155625,-1.4999999999999998
3.1,0,4.956384565987436,0.0,1.228396390862552,0.0,4.832050807568879,0.0
3.1,1,2.3583083546341204,1.4999999999999998,1.2283963908625517,0.0,2.233974596215563,1.4999999999999998
3.1,2,2.3583083546341204,-1.4999999999999998,1.2283963908625517,0.0,2.233974596215563,-1.4999999999999998
3.2,0,5.073879964083711,0.0,1.174953980962749,0.0,4.932050807568879,0.0
3.2,1,2.4758037527303953,1.4999999999999998,1.1749539809627487,0.0,2.3339745962155627,1.4999999999999998
3.2,2,2.4758037527303953,-1.4999999999999998,1.1749539809627487,0.0,2.3339745962155627,-1.4999999999999998
3.3,0,5.186141461756978,0.0,1.1226149767326645,0.0,5.032050807568879,0.0
3.3,1,2.5880652504036616,1.4999999999999998,1.1226149767326643,0.0,2.4339745962155632,1.4999999999999998
3.3,2,2.5880652504036616,-1.4999999999999998,1.1226149767326643,0.0,2.4339745962155632,-1.4999999999999998
3.4,0,5.29337867479209,0.0,1.072372130351131,0.0,5.132050807568879,0.0
3.4,1,2.6953024634387748,1.4999999999999998,1.0723721303511309,0.0,2.533974596215563,1.4999999999999998
3.4,2,2.6953024634387748,-1.4999999999999998,1.0723721303511309,0.0,2.533974596215563,-1.4999999999999998
3.5,0,5.395888494329165,0.0,1.025098195370753,0.0,5.232050807568879,0.0
3.5,1,2.7978122829758503,1.4999999999999998,1.0250981953707528,0.0,2.6339745962155634,1.4999999999999998
3.5,2,2.7978122829758503,-1.4999999999999998,1.0250981953707528,0.0,2.6339745962155634,-1.4999999999999998
3.6,0,5.494042123499582,0.0,0.9815362917041738,0.0,5.332050807568879,0.0
3.6,1,2.8959659121462678,1.4999999999999998,0.9815362917041736,0.0,2.733974596215563,1.4999999999999998
3.6,2,2.8959659121462678,-1.4999999999999998,0.9815362917041736,0.0,2.733974596215563,-1.4999999999999998
3.7,0,5.58827150884196,0.0,0.9422938534237764,0.0,5.43205080756888,0.0
3.7,1,2.990195297488645,1.4999999999999998,0.9422938534237761,0.0,2.8339745962155636,1.4999999999999998
3.7,2,2.990195297488645,-1.4999999999999998,0.9422938534237761,0.0,2.8339745962155636,-1.4999999999999998
3.8,0,5.679055509326574,0.0,0.9078400048461311,0.0,5.532050807568879,0.0
3.8,1,3.080979297973258,1.4999999999999998,0.9078400048461308,0.0,2.9339745962155632,1.4999999999999998
3.8,2,3.080979297973258,-1.4999999999999998,0.9078400048461308,0.0,2.9339745962155632,-1.4999999999999998
3.9,0,5.766906124199009,0.0,0.8785061487243486,0.0,5.63205080756888,0.0
3.9,1,3.168829912845693,1.4999999999999998,0.8785061487243483,0.0,3.0339745962155638,1.4999999999999998
3.9,2,3.168829912845693,-1.4999999999999998,0.8785061487243483,0.0,3.0339745962155638,-1.4999999999999998
4.0,0,5.8523550740247785,0.0,0.854489498257698,0.0,5.732050807568879,0.0
4.0,1,3.2542788626714625,1.4999999999999998,0.8544894982576977,0.0,3.1339745962155634,1.4999999999999998
4.0,2,3.2542788626714625,-1.4999999999999998,0.8544894982576977,0.0,3.1339745962155634,-1.4999999999999998
4.1,0,5.935940998266753,0.0,0.8358592424197432,0.0,5.832050807568879,0.0
4.1,1,3.337864786913437,1.4999999999999998,0.8358592424197429,0.0,3.233974596215563,1.4999999999999998
4.1,2,3.337864786913437,-1.4999999999999998,0.8358592424197429,0.0,3.233974596215563,-1.4999999999999998
4.2,0,6.01819749845994,0.0,0.8225650019318693,0.0,5.932050807568879,0.0
4.2,1,3.4201212871066238,1.4999999999999998,0.822565001931869,0.0,3.3339745962155627,1.4999999999999998
4.2,2,3.4201212871066238,-1.4999999999999998,0.822565001931869,0.0,3.3339745962155627,-1.4999999999999998
4.3,0,6.09964221955691,0.0,0.814447210969697,0.0,6.032050807568878,0.0
4.3,1,3.5015660082035933,1.4999999999999998,0.8144472109696966,0.0,3.4339745962155623,1.4999999999999998
4.3,2,3.5015660082035933,-1.4999999999999998,0.8144472109696966,0.0,3.4339745962155623,-1.4999999999999998
4.4,0,6.180767124264919,0.0,0.8112490470800873,0.0,6.132050807568878,0.0
4.4,1,3.582690912911602,1.4999999999999998,0.8112490470800869,0.0,3.533974596215562,1.4999999999999998
4.4,2,3.582690912911602,-1.4999999999999998,0.8112490470800869,0.0,3.533974596215562,-1.4999999999999998
4.5,0,6.262030077096624,0.0,0.8126295283170528,0.0,6.232050807568878,0.0
4.5,1,3.663953865743307,1.4999999999999998,0.8126295283170525,0.0,3.6339745962155616,1.4999999999999998
4.5,2,3.663953865743307,-1.4999999999999998,0.8126295283170525,0.0,3.6339745962155616,-1.4999999999999998
4.6,0,6.343847817259434,0.0,0.818177401628096,0.0,6.332050807568877,0.0
4.6,1,3.745771605906117,1.4999999999999998,0.8181774016280958,0.0,3.7339745962155613,1.4999999999999998
4.6,2,3.745771605906117,-1.4999999999999998,0.8181774016280958,0.0,3.7339745962155613,-1.4999999999999998
4.7,0,6.426590363185271,0.0,0.8274254592583723,0.0,6.432050807568877,0.0
4.7,1,3.828514151831954,1.4999999999999998,0.8274254592583722,0.0,3.833974596215561,1.4999999999999998
4.7,2,3.828514151831954,-1.4999999999999998,0.8274254592583722,0.0,3.833974596215561,-1.4999999999999998
4.8,0,6.51057685713566,0.0,0.839864939503884,0.0,6.532050807568877,0.0
4.8,1,3.9125006457823424,1.4999999999999998,0.839864939503884,0.0,3.9339745962155606,1.4999999999999998
4.8,2,3.9125006457823424,-1.4999999999999998,0.839864939503884,0.0,3.9339745962155606,-1.4999999999999998
4.9,0,6.59607282649311,0.0,0.8549596935745014,0.0,6.632050807568876,0.0
4.9,1,3.9979966151397925,1.4999999999999998,0.8549596935745015,0.0,4.03397459621556,1.4999999999999998
4.9,2,3.9979966151397925,-1.4999999999999998,0.8549596935745015,0.0,4.03397459621556,-1.4999999999999998
5.0,0,6.683288809554139,0.0,0.8721598306102925,0.0,6.732050807568876,0.0
5.0,1,4.085212598200822,1.4999999999999998,0.8721598306102927,0.0,4.13397459621556,1.4999999999999998
5.0,2,4.085212598200822,-1.4999999999999998,0.8721598306102927,0.0,4.13397459621556,-1.4999999999999998
5.1,0,6.772380268253448,0.0,0.890914586993085,0.0,6.8320508075688755,0.0
5.1,1,4.17430405690013,1.4999999999999998,0.8909145869930853,0.0,4.2339745962155595,1.4999999999999998
5.1,2,4.17430405690013,-1.4999999999999998,0.8909145869930853,0.0,4.2339745962155595,-1.4999999999999998
5.2,0,6.863448688550621,0.0,0.9106842029717324,0.0,6.932050807568875,0.0
5.2,1,4.265372477197303,1.4999999999999998,0.9106842029717328,0.0,4.333974596215559,1.4999999999999998
5.2,2,4.265372477197303,-1.4999999999999998,0.9106842029717328,0.0,4.333974596215559,-1.4999999999999998
5.3,0,6.9565437513764845,0.0,0.9309506282586386,0.0,7.032050807568875,0.0
5.3,1,4.358467540023167,1.4999999999999998,0.9309506282586392,0.0,4.433974596215559,1.4999999999999998
5.3,2,4.358467540023167,-1.4999999999999998,0.9309506282586392,0.0,4.433974596215559,-1.4999999999999998
5.4,0,7.051666443144833,0.0,0.9512269176834799,0.0,7.132050807568874,0.0
5.4,1,4.453590231791515,1.4999999999999998,0.9512269176834806,0.0,4.533974596215558,1.4999999999999998
5.4,2,4.453590231791515,-1.4999999999999998,0.9512269176834806,0.0,4.533974596215558,-1.4999999999999998
5.5,0,7.148772964874273,0.0,0.9710652172943989,0.0,7.232050807568874,0.0
5.5,1,4.550696753520955,1.4999999999999998,0.9710652172943997,0.0,4.633974596215558,1.4999999999999998
5.5,2,4.550696753520955,-1.4999999999999998,0.9710652172943997,0.0,4.633974596215558,-1.4999999999999998
5.6,0,7.2477792928381595,0.0,0.9900632796388663,0.0,7.332050807568874,0.0
5.6,1,4.649703081484842,1.4999999999999998,0.9900632796388672,0.0,4.733974596215558,1.4999999999999998
5.6,2,4.649703081484842,-1.4999999999999998,0.9900632796388672,0.0,4.733974596215558,-1.4999999999999998
5.7,0,7.348566241196619,0.0,1.0078694835845972,0.0,7.432050807568873,0.0
5.7,1,4.750490029843301,1.4999999999999998,1.0078694835845983,0.0,4.833974596215557,1.4999999999999998
5.7,2,4.750490029843301,-1.4999999999999998,1.0078694835845983,0.0,4.833974596215557,-1.4999999999999998
5.8,0,7.450984878026668,0.0,1.024186368300493,0.0,7.532050807568873,0.0
5.8,1,4.8529086666733505,1.4999999999999998,1.0241863683004941,0.0,4.933974596215557,1.4999999999999998
5.8,2,4.8529086666733505,-1.4999999999999998,1.0241863683004941,0.0,4.933974596215557,-1.4999999999999998
5.9,0,7.5548621502623305,0.0,1.0387727223566212,0.0,7.632050807568873,0.0
5.9,1,4.956785938909013,1.4999999999999998,1.0387727223566225,0.0,5.033974596215557,1.4999999999999998
5.9,2,4.956785938909013,-1.4999999999999998,1.0387727223566225,0.0,5.033974596215557,-1.4999999999999998
6.0,0,7.660006579949878,0.0,1.0514442968754776,0.0,7.732050807568872,0.0
6.0,1,5.061930368596561,1.4999999999999998,1.0514442968754791,0.0,5.133974596215556,1.4999999999999998
6.0,2,5.061930368596561,-1.4999999999999998,1.0514442968754791,0.0,5.133974596215556,-1.4999999999999998
6.1,0,7.766213903543563,0.0,1.0620732359368457,0.0,7.832050807568872,0.0
6.1,1,5.168137692190245,1.4999999999999998,1.0620732359368472,0.0,5.233974596215556,1.4999999999999998
6.1,2,5.168137692190245,-1.4999999999999998,1.0620732359368472,0.0,5.233974596215556,-1.4999999999999998
6.2,0,7.873272537321033,0.0,1.0705863377747036,0.0,7.932050807568872,0.0
6.2,1,5.275196325967716,1.4999999999999998,1.0705863377747051,0.0,5.333974596215556,1.4999999999999998
6.2,2,5.275196325967716,-1.4999999999999998,1.0705863377747051,0.0,5.333974596215556,-1.4999999999999998
6.3,0,7.980968764978959,0.0,1.0769622765792575,0.0,8.03205080756887,0.0
6.3,1,5.382892553625642,1.4999999999999998,1.076962276579259,0.0,5.433974596215555,1.4999999999999998
6.3,2,5.382892553625642,-1.4999999999999998,1.076962276579259,0.0,5.433974596215555,-1.4999999999999998
6.4,0,8.089091557669004,0.0,1.0812279269004543,0.0,8.13205080756887,0.0
6.4,1,5.491015346315688,1.4999999999999998,1.0812279269004559,0.0,5.533974596215555,1.4999999999999998
6.4,2,5.491015346315688,-1.4999999999999998,1.0812279269004559,0.0,5.533974596215555,-1.4999999999999998
6.5,0,8.197436951749214,0.0,1.0834539408021049,0.0,8.23205080756887,0.0
6.5,1,5.599360740395899,1.4999999999999998,1.0834539408021064,0.0,5.6339745962155545,1.4999999999999998
6.5,2,5.599360740395899,-1.4999999999999998,1.0834539408021064,0.0,5.6339745962155545,-1.4999999999999998
6.6,0,8.305811924967317,0.0,1.0837497321810285,0.0,8.33205080756887,0.0
6.6,1,5.707735713614002,1.4999999999999998,1.08374973218103,0.0,5.733974596215554,1.4999999999999998
6.6,2,5.707735713614002,-1.4999999999999998,1.08374973218103,0.0,5.733974596215554,-1.4999999999999998
6.7,0,8.414037727293222,0.0,1.0822580232590449,0.0,8.432050807568869,0.0
6.7,1,5.8159615159399065,1.4999999999999998,1.0822580232590462,0.0,5.833974596215554,1.4999999999999998
6.7,2,5.8159615159399065,-1.4999999999999998,1.0822580232590462,0.0,5.833974596215554,-1.4999999999999998
6.8,0,8.52195263783872,0.0,1.0791491054549773,0.0,8.532050807568869,0.0
6.8,1,5.923876426485404,1.4999999999999998,1.0791491054549787,0.0,5.9339745962155535,1.4999999999999998
6.8,2,5.923876426485404,-1.4999999999999998,1.0791491054549787,0.0,5.9339745962155535,-1.4999999999999998
6.9,0,8.629414133936539,0.0,1.0746149609781972,0.0,8.632050807568868,0.0
6.9,1,6.031337922583224,1.4999999999999998,1.0746149609781985,0.0,6.033974596215553,1.4999999999999998
6.9,2,6.031337922583224,-1.4999999999999998,1.0746149609781985,0.0,6.033974596215553,-1.4999999999999998
7.0,0,8.73630047222892,0.0,1.068863382923811,0.0,8.732050807568868,0.0
7.0,1,6.138224260875605,1.4999999999999998,1.068863382923812,0.0,6.133974596215553,1.4999999999999998
7.0,2,6.138224260875605,-1.4999999999999998,1.068863382923812,0.0,6.133974596215553,-1.4999999999999998
7.1,0,8.842511694307978,0.0,1.062112220790576,0.0,8.832050807568868,0.0
7.1,1,6.244435482954662,1.4999999999999998,1.0621122207905769,0.0,6.233974596215552,1.4999999999999998
7.1,2,6.244435482954662,-1.4999999999999998,1.0621122207905769,0.0,6.233974596215552,-1.4999999999999998
7.2,0,8.947970080868204,0.0,1.0545838656022628,0.0,8.932050807568867,0.0
7.2,1,6.349893869514888,1.4999999999999998,1.0545838656022637,0.0,6.333974596215552,1.4999999999999998
7.2,2,6.349893869514888,-1.4999999999999998,1.0545838656022637,0.0,6.333974596215552,-1.4999999999999998
7.3,0,9.052620088329746,0.0,1.0465000746154136,0.0,9.032050807568867,0.0
7.3,1,6.454543876976429,1.4999999999999998,1.0465000746154145,0.0,6.433974596215552,1.4999999999999998
7.3,2,6.454543876976429,-1.4999999999999998,1.0465000746154145,0.0,6.433974596215552,-1.4999999999999998
7.4,0,9.156427810366058,0.0,1.0380772203631112,0.0,9.132050807568866,0.0
7.4,1,6.558351599012741,1.4999999999999998,1.0380772203631121,0.0,6.533974596215551,1.4999999999999998
7.4,2,6.558351599012741,-1.4999999999999998,1.0380772203631121,0.0,6.533974596215551,-1.4999999999999998
7.5,0,9.259380013658689,0.0,1.029522032926307,0.0,9.232050807568866,0.0
7.5,1,6.661303802305372,1.4999999999999998,1.029522032926308,0.0,6.633974596215551,1.4999999999999998
7.5,2,6.661303802305372,-1.4999999999999998,1.029522032926308,0.0,6.633974596215551,-1.4999999999999998
7.6,0,9.361482802482012,0.0,1.0210278882332309,0.0,9.332050807568866,0.0
7.6,1,6.763406591128695,1.4999999999999998,1.0210278882332318,0.0,6.733974596215551,1.4999999999999998
7.6,2,6.763406591128695,-1.4999999999999998,1.0210278882332318,0.0,6.733974596215551,-1.4999999999999998
7.7,0,9.462759970404939,0.0,1.0127716792292643,0.0,9.432050807568865,0.0
7.7,1,6.864683759051622,1.4999999999999998,1.0127716792292651,0.0,6.83397459621555,1.4999999999999998
7.7,2,6.864683759051622,-1.4999999999999998,1.0127716792292651,0.0,6.83397459621555,-1.4999999999999998
7.8,0,9.563251099531778,0.0,1.0049112912683904,0.0,9.532050807568865,0.0
7.8,1,6.965174888178461,1.4999999999999998,1.0049112912683913,0.0,6.93397459621555,1.4999999999999998
7.8,2,6.965174888178461,-1.4999999999999998,1.0049112912683913,0.0,6.93397459621555,-1.4999999999999998
7.9,0,9.663009468366822,0.0,0.9975836883504411,0.0,9.632050807568865,0.0
7.9,1,7.064933257013505,1.4999999999999998,0.9975836883504419,0.0,7.0339745962155495,1.4999999999999998
7.9,2,7.064933257013505,-1.4999999999999998,0.9975836883504419,0.0,7.0339745962155495,-1.4999999999999998
8.0,0,9.762099828679151,0.0,0.9909036031232941,0.0,9.732050807568864,0.0
8.0,1,7.164023617325834,1.4999999999999998,0.9909036031232947,0.0,7.133974596215549,1.4999999999999998
8.0,2,7.164023617325834,-1.4999999999999998,0.9909036031232947,0.0,7.133974596215549,-1.4999999999999998
8.1,0,9.860596109789247,0.0,0.9849628111009631,0.0,9.832050807568864,0.0
8.1,1,7.26251989843593,1.4999999999999998,0.9849628111009637,0.0,7.233974596215549,1.4999999999999998
8.1,2,7.26251989843593,-1.4999999999999998,0.9849628111009637,0.0,7.233974596215549,-1.4999999999999998
8.2,0,9.955981120290108,0.0,0.9538501050086136,0.0,9.832050807568864,0.0
8.2,1,7.357904908936792,1.4999999999999998,0.9538501050086142,0.0,7.233974596215549,1.4999999999999998
8.2,2,7.357904908936792,-1.4999999999999998,0.9538501050086142,0.0,7.233974596215549,-1.4999999999999998
8.3,0,10.046037444599703,0.0,0.9005632430959493,0.0,9.832050807568864,0.0
8.3,1,7.447961233246387,1.4999999999999998,0.9005632430959499,0.0,7.233974596215549,1.4999999999999998
8.3,2,7.447961233246387,-1.4999999999999998,0.9005632430959499,0.0,7.233974596215549,-1.4999999999999998
8.4,0,10.1288690356152,0.0,0.8283159101549747,0.0,9.832050807568864,0.0
8.4,1,7.5307928242618845,1.4999999999999998,0.8283159101549754,0.0,7.233974596215549,1.4999999999999998
8.4,2,7.5307928242618845,-1.4999999999999998,0.8283159101549754,0.0,7.233974596215549,-1.4999999999999998
8.5,0,10.20291435676935,0.0,0.7404532115415094,0.0,9.832050807568864,0.0
8.5,1,7.604838145416036,1.4999999999999998,0.7404532115415101,0.0,7.233974596215549,1.4999999999999998
8.5,2,7.604838145416036,-1.4999999999999998,0.7404532115415101,0.0,7.233974596215549,-1.4999999999999998
8.6,0,10.26695144354153,0.0,0.6403708677217892,0.0,9.832050807568864,0.0
8.6,1,7.668875232188214,1.4999999999999998,0.6403708677217897,0.0,7.233974596215549,1.4999999999999998
8.6,2,7.668875232188214,-1.4999999999999998,0.6403708677217897,0.0,7.233974596215549,-1.4999999999999998
8.7,0,10.320095400762881,0.0,0.5314395722135181,0.0,9.832050807568864,0.0
8.7,1,7.722019189409566,1.4999999999999998,0.5314395722135186,0.0,7.233974596215549,1.4999999999999998
8.7,2,7.722019189409566,-1.4999999999999998,0.5314395722135186,0.0,7.233974596215549,-1.4999999999999998
8.8,0,10.361788975534626,0.0,0.41693574771744774,0.0,9.832050807568864,0.0
8.8,1,7.76371276418131,1.4999999999999998,0.4169357477174481,0.0,7.233974596215549,1.4999999999999998
8.8,2,7.76371276418131,-1.4999999999999998,0.4169357477174481,0.0,7.233974596215549,-1.4999999999999998
8.9,0,10.391786945396591,0.0,0.2999796986196519,0.0,9.832050807568864,0.0
8.9,1,7.793710734043275,1.4999999999999998,0.29997969861965224,0.0,7.233974596215549,1.4999999999999998
8.9,2,7.793710734043275,-1.4999999999999998,0.29997969861965224,0.0,7.233974596215549,-1.4999999999999998
9.0,0,10.410135137263058,0.0,0.18348191866466773,0.0,9.832050807568864,0.0
9.0,1,7.812058925909742,1.4999999999999998,0.183481918664668,0.0,7.233974596215549,1.4999999999999998
9.0,2,7.812058925909742,-1.4999999999999998,0.183481918664668,0.0,7.233974596215549,-1.4999999999999998
9.1,0,10.41714494484675,0.0,0.07009807583693056,0.0,9.832050807568864,0.0
9.1,1,7.8190687334934355,1.4999999999999998,0.07009807583693081,0.0,7.233974596215549,1.4999999999999998
9.1,2,7.8190687334934355,-1.4999999999999998,0.07009807583693081,0.0,7.233974596215549,-1.4999999999999998
9.2,0,10.413364241570939,0.0,-0.03780703275811441,0.0,9.832050807568864,0.0
9.2,1,7.815288030217624,1.4999999999999998,-0.0378070327581142,0.0,7.233974596215549,1.4999999999999998
9.2,2,7.815288030217624,-1.4999999999999998,-0.0378070327581142,0.0,7.233974596215549,-1.4999999999999998
9.3,0,10.399545593510805,0.0,-0.13818648060134692,0.0,9.832050807568864,0.0
9.3,1,7.801469382157489,1.4999999999999998,-0.1381864806013468,0.0,7.233974596215549,1.4999999999999998
9.3,2,7.801469382157489,-1.4999999999999998,-0.1381864806013468,0.0,7.233974596215549,-1.4999999999999998
9.4,0,10.376612664270104,0.0,-0.22932929240701394,0.0,9.832050807568864,0.0
9.4,1,7.7785364529167875,1.4999999999999998,-0.22932929240701388,0.0,7.233974596215549,1.4999999999999998
9.4,2,7.7785364529167875,-1.4999999999999998,-0.22932929240701388,0.0,7.233974596215549,-1.4999999999999998
9.5,0,10.345625672760983,0.0,-0.30986991509120093,0.0,9.832050807568864,0.0
9.5,1,7.747549461407668,1.4999999999999998,-0.3098699150912009,0.0,7.233974596215549,1.4999999999999998
9.5,2,7.747549461407668,-1.4999999999999998,-0.3098699150912009,0.0,7.233974596215549,-1.4999999999999998
9.6,0,10.307746717733423,0.0,-0.378789550275607,0.0,9.832050807568864,0.0
9.6,1,7.709670506380107,1.4999999999999998,-0.37878955027560696,0.0,7.233974596215549,1.4999999999999998
9.6,2,7.709670506380107,-1.4999999999999998,-0.37878955027560696,0.0,7.233974596215549,-1.4999999999999998
9.7,0,10.264205721897307,0.0,-0.4354099583611539,0.0,9.832050807568864,0.0
9.7,1,7.666129510543992,1.4999999999999998,-0.43540995836115387,0.0,7.233974596215549,1.4999999999999998
9.7,2,7.666129510543992,-1.4999999999999998,-0.43540995836115387,0.0,7.233974596215549,-1.4999999999999998
9.8,0,10.216267676013116,0.0,-0.4793804588419045,0.0,9.832050807568864,0.0
9.8,1,7.618191464659802,1.4999999999999998,-0.47938045884190444,0.0,7.233974596215549,1.4999999999999998
9.8,2,7.618191464659802,-1.4999999999999998,-0.47938045884190444,0.0,7.233974596215549,-1.4999999999999998
9.9,0,10.165201781870868,0.0,-0.5106589414224699,0.0,9.832050807568864,0.0
9.9,1,7.567125570517555,1.4999999999999998,-0.5106589414224699,0.0,7.233974596215549,1.4999999999999998
9.9,2,7.567125570517555,-1.4999999999999998,-0.5106589414224699,0.0,7.233974596215549,-1.4999999999999998
